t,u,v,raw
0.001,1.2,0.142,0
0.002,1.2,0.142,0
0.003,1.2,0.142,0
0.01,1.2,0.142,0
0.011,1.2,0.142,0
0.012,1.2,0.142,0
0.02,1.2,0.142,0
0.021,1.2,0.142,0
0.022,1.2,0.142,0
0.023,1.2,0.142,0
0.028,1.2,0.142,0
0.033,1.2,0.142,0
0.038,1.2,0.142,0
0.046,1.2,0.142,0
0.047,1.2,0.142,0
0.048,1.2,0.142,0
0.049,1.2,0.142,0
0.05,1.2,0.142,0
0.051,1.2,0.142,0
0.052,1.2,0.142,0
0.053,1.2,0.142,0
0.057,1.2,0.142,0
0.061,1.2,0.142,0
0.063,1.2,0.142,0
0.063,1.2,0.142,0
0.064,1.2,0.142,0
0.065,1.2,0.142,0
0.066,1.2,0.142,0
0.07,1.2,0.142,0
0.071,1.2,0.142,0
0.072,1.2,0.142,0
0.076,1.2,0.142,0
0.077,1.2,0.142,0
0.078,1.2,0.142,0
0.082,1.2,0.142,0
0.083,1.2,0.142,0
0.09,1.2,0.142,0
0.095,1.2,0.142,0
0.106,1.2,0.142,0
0.11,1.2,0.142,0
0.111,1.2,0.142,0
0.112,1.2,0.142,0
0.118,1.2,0.142,0
0.119,1.2,0.142,0
0.12,1.2,0.142,0
0.121,1.2,0.142,0
0.122,1.2,0.142,0
0.128,1.2,0.142,0
0.129,1.2,0.146,5
0.132,1.2,0.147,6
0.135,1.2,0.153,13
0.136,1.2,0.153,14
0.137,1.2,0.155,16
0.138,1.2,0.155,16
0.158,1.2,0.176,41
0.159,1.2,0.178,44
0.16,1.2,0.176,41
0.161,1.2,0.181,47
0.168,1.2,0.181,48
0.17,1.2,0.185,52
0.171,1.2,0.185,52
0.172,1.2,0.183,50
0.176,1.2,0.195,64
0.177,1.2,0.195,64
0.178,1.2,0.202,73
0.183,1.2,0.199,69
0.184,1.2,0.202,73
0.185,1.2,0.205,77
0.189,1.2,0.208,80
0.193,1.2,0.208,80
0.199,1.2,0.21,83
0.211,1.2,0.222,97
0.212,1.2,0.221,96
0.213,1.2,0.222,98
0.214,1.2,0.227,103
0.215,1.2,0.227,103
0.216,1.2,0.226,102
0.223,1.2,0.236,115
0.228,1.2,0.237,116
0.232,1.2,0.241,121
0.233,1.2,0.239,118
0.235,1.2,0.245,125
0.236,1.2,0.245,126
0.24,1.2,0.247,128
0.246,1.2,0.252,134
0.247,1.2,0.254,137
0.248,1.2,0.257,140
0.249,1.2,0.257,140
0.25,1.2,0.26,144
0.251,1.2,0.255,138
0.252,1.2,0.263,147
0.253,1.2,0.259,143
0.254,1.2,0.26,144
0.255,1.2,0.26,144
0.265,1.2,0.269,155
0.268,1.2,0.269,155
0.268,1.2,0.271,157
0.274,1.2,0.277,165
0.28,1.2,0.286,176
0.288,1.2,0.29,180
0.289,1.2,0.291,181
0.29,1.2,0.29,180
0.293,1.2,0.291,182
0.294,1.2,0.29,180
0.3,1.2,0.296,188
0.301,1.2,0.3,192
0.302,1.2,0.299,191
0.304,1.2,0.3,193
0.305,1.2,0.3,193
0.308,1.2,0.305,198
0.309,1.2,0.305,199
0.31,1.2,0.308,202
0.311,1.2,0.309,203
0.312,1.2,0.311,206
0.313,1.2,0.312,207
0.319,1.2,0.316,212
0.324,1.2,0.318,214
0.325,1.2,0.318,214
0.326,1.2,0.316,212
0.346,1.2,0.337,237
0.357,1.2,0.348,251
0.362,1.2,0.352,256
0.363,1.2,0.351,255
0.364,1.2,0.349,252
0.366,1.2,0.352,256
0.366,1.2,0.348,251
0.367,1.2,0.347,250
0.374,1.2,0.357,262
0.379,1.2,0.364,270
0.384,1.2,0.365,272
0.385,1.2,0.365,272
0.386,1.2,0.365,272
0.391,1.2,0.375,284
0.398,1.2,0.377,286
0.399,1.2,0.377,286
0.4,1.2,0.378,287
0.401,1.2,0.378,287
0.402,1.2,0.383,293
0.403,1.2,0.378,288
0.404,1.2,0.381,291
0.405,1.2,0.378,287
0.418,1.2,0.392,304
0.422,1.2,0.392,305
0.423,1.2,0.394,307
0.424,1.2,0.392,305
0.425,1.2,0.397,311
0.426,1.2,0.397,311
0.429,1.2,0.4,314
0.43,1.2,0.397,311
0.431,1.2,0.397,310
0.432,1.2,0.401,315
0.433,1.2,0.396,309
0.434,1.2,0.404,319
0.435,1.2,0.405,320
0.445,1.2,0.413,330
0.446,1.2,0.405,320
0.448,1.2,0.41,327
0.448,1.2,0.408,324
0.449,1.2,0.414,331
0.454,1.2,0.417,335
0.456,1.2,0.418,336
0.457,1.2,0.418,336
0.458,1.2,0.418,336
0.459,1.2,0.418,336
0.459,1.2,0.421,340
0.462,1.2,0.432,353
0.462,1.2,0.421,340
0.464,1.2,0.423,342
0.468,1.2,0.426,346
0.473,1.2,0.43,351
0.474,1.2,0.427,347
0.475,1.2,0.431,352
0.483,1.2,0.437,359
0.484,1.2,0.436,358
0.485,1.2,0.438,361
0.488,1.2,0.443,367
0.49,1.2,0.443,367
0.49,1.2,0.439,362
0.491,1.2,0.44,363
0.492,1.2,0.443,367
0.497,1.2,0.445,369
0.502,1.2,0.453,379
0.503,1.2,0.449,374
0.509,1.2,0.457,384
0.517,1.2,0.459,386
0.524,1.2,0.466,395
0.532,1.2,0.47,399
0.537,1.2,0.47,400
0.538,1.2,0.471,401
0.539,1.2,0.472,402
0.54,1.2,0.475,405
0.541,1.2,0.474,404
0.542,1.2,0.476,407
0.562,1.2,0.489,423
0.563,1.2,0.488,422
0.564,1.2,0.494,429
0.565,1.2,0.489,423
0.566,1.2,0.489,423
0.567,1.2,0.496,431
0.568,1.2,0.486,419
0.57,1.2,0.497,433
0.575,1.2,0.497,432
0.576,1.2,0.498,434
0.577,1.2,0.497,432
0.578,1.2,0.497,432
0.582,1.2,0.501,437
0.588,1.2,0.502,439
0.592,1.2,0.51,448
0.593,1.2,0.506,443
0.594,1.2,0.51,448
0.595,1.2,0.51,448
0.596,1.2,0.512,451
0.597,1.2,0.51,448
0.598,1.2,0.51,448
0.599,1.2,0.516,455
0.6,1.2,0.515,454
0.601,1.2,0.513,452
0.603,1.2,0.516,455
0.613,1.2,0.515,454
0.614,1.2,0.519,459
0.618,1.2,0.523,464
0.619,1.2,0.525,466
0.621,1.2,0.524,465
0.621,1.2,0.525,467
0.622,1.2,0.525,467
0.623,1.2,0.53,473
0.625,1.2,0.53,473
0.626,1.2,0.527,469
0.631,1.2,0.531,474
0.633,1.2,0.529,471
0.633,1.2,0.531,474
0.634,1.2,0.533,476
0.646,1.2,0.539,483
0.651,1.2,0.548,494
0.652,1.2,0.548,494
0.653,1.2,0.549,496
0.654,1.2,0.541,486
0.655,1.2,0.549,496
0.656,1.2,0.548,494
0.657,1.2,0.541,486
0.658,1.2,0.549,496
0.659,1.2,0.549,496
0.664,1.2,0.55,497
0.665,1.2,0.549,496
0.666,1.2,0.549,496
0.667,1.2,0.55,497
0.668,1.2,0.553,500
0.675,1.2,0.561,510
0.679,1.2,0.561,510
0.683,1.2,0.562,511
0.684,1.2,0.562,511
0.685,1.2,0.562,511
0.686,1.2,0.562,511
0.687,1.2,0.562,511
0.691,1.2,0.562,511
0.692,1.2,0.562,511
0.693,1.2,0.575,527
0.705,1.2,0.58,533
0.716,1.2,0.585,539
0.718,1.2,0.587,542
0.725,1.2,0.592,548
0.726,1.2,0.589,545
0.727,1.2,0.59,546
0.728,1.2,0.593,549
0.73,1.2,0.59,546
0.741,1.2,0.598,555
0.754,1.2,0.605,564
0.755,1.2,0.603,562
0.756,1.2,0.608,567
0.757,1.2,0.604,563
0.758,1.2,0.605,564
0.762,1.2,0.608,567
0.763,1.2,0.609,569
0.764,1.2,0.612,573
0.765,1.2,0.611,571
0.766,1.2,0.612,572
0.767,1.2,0.612,573
0.768,1.2,0.613,574
0.769,1.2,0.614,575
0.77,1.2,0.615,576
0.78,1.2,0.621,583
0.795,1.2,0.628,592
0.796,1.2,0.623,586
0.797,1.2,0.627,591
0.798,1.2,0.624,587
0.8,1.2,0.629,593
0.813,1.2,0.634,599
0.818,1.2,0.639,605
0.824,1.2,0.647,615
0.825,1.2,0.64,607
0.826,1.2,0.644,612
0.827,1.2,0.641,608
0.834,1.2,0.646,614
0.835,1.2,0.648,616
0.836,1.2,0.649,618
0.837,1.2,0.65,619
0.838,1.2,0.652,621
0.839,1.2,0.65,619
0.84,1.2,0.653,622
0.841,1.2,0.649,617
0.842,1.2,0.653,622
0.843,1.2,0.654,624
0.853,1.2,0.662,633
0.859,1.2,0.672,645
0.86,1.2,0.66,631
0.861,1.2,0.66,631
0.868,1.2,0.659,630
0.875,1.2,0.667,640
0.88,1.2,0.675,649
0.885,1.2,0.669,642
0.886,1.2,0.673,647
0.887,1.2,0.672,646
0.895,1.2,0.678,653
0.897,1.2,0.676,650
0.897,1.2,0.676,650
0.898,1.2,0.673,647
0.899,1.2,0.676,651
0.902,1.2,0.681,656
0.904,1.2,0.681,657
0.904,1.2,0.68,655
0.905,1.2,0.681,657
0.906,1.2,0.681,657
0.907,1.2,0.68,655
0.927,1.2,0.68,655
0.928,1.2,0.689,666
0.929,1.2,0.693,671
0.93,1.2,0.693,671
0.931,1.2,0.693,671
0.932,1.2,0.69,668
0.938,1.2,0.701,681
0.939,1.2,0.699,678
0.94,1.2,0.693,671
0.947,1.2,0.699,678
0.948,1.2,0.703,683
0.949,1.2,0.7,680
0.953,1.2,0.702,682
0.954,1.2,0.704,684
0.955,1.2,0.705,686
0.956,1.2,0.707,688
0.967,1.2,0.706,687
0.968,1.2,0.707,688
0.969,1.2,0.707,688
0.97,1.2,0.707,688
0.971,1.2,0.707,688
0.972,1.2,0.707,688
0.977,1.2,0.713,695
0.978,1.2,0.711,693
0.979,1.2,0.71,692
0.98,1.2,0.713,695
0.983,1.2,0.716,699
0.989,1.2,0.718,702
0.994,1.2,0.722,707
0.995,1.2,0.722,707
0.999,1.2,0.723,708
1.0,1.2,0.722,706
1.005,1.2,0.74,728
1.011,1.2,0.726,711
1.012,1.2,0.727,712
1.013,1.2,0.732,719
1.014,1.2,0.732,719
1.015,1.2,0.729,715
1.016,1.2,0.73,716
1.017,1.2,0.731,718
1.018,1.2,0.731,717
1.019,1.2,0.731,717
1.02,1.2,0.733,720
1.03,1.2,0.735,722
1.031,1.2,0.735,722
1.032,1.2,0.735,722
1.037,1.2,0.735,722
1.042,1.2,0.739,727
1.043,1.2,0.742,731
1.044,1.2,0.745,735
1.045,1.2,0.738,726
1.046,1.2,0.745,734
1.047,1.2,0.742,731
1.048,1.2,0.742,731
1.049,1.2,0.743,732
1.055,1.2,0.735,722
1.056,1.2,0.746,736
1.059,1.2,0.747,737
1.071,1.2,0.75,741
1.072,1.2,0.754,746
1.073,1.2,0.754,746
1.074,1.2,0.754,746
1.075,1.2,0.759,751
1.076,1.2,0.754,746
1.077,1.2,0.764,757
1.083,1.2,0.749,739
1.084,1.2,0.757,749
1.085,1.2,0.755,747
1.086,1.2,0.759,752
1.087,1.2,0.76,753
1.09,1.2,0.763,756
1.092,1.2,0.76,753
1.096,1.2,0.764,758
1.097,1.2,0.764,757
1.098,1.2,0.76,753
1.099,1.2,0.759,752
1.1,1.2,0.762,755
1.106,1.2,0.77,765
1.107,1.2,0.767,761
1.108,1.2,0.768,763
1.118,1.2,0.773,769
1.119,1.2,0.772,767
1.123,1.2,0.775,771
1.129,1.2,0.775,771
1.133,1.2,0.777,774
1.134,1.2,0.775,771
1.135,1.2,0.778,775
1.142,1.2,0.786,784
1.143,1.2,0.782,779
1.156,1.2,0.784,782
1.157,1.2,0.786,784
1.158,1.2,0.785,783
1.159,1.2,0.786,785
1.162,1.2,0.786,784
1.163,1.2,0.786,784
1.164,1.2,0.786,785
1.177,1.2,0.791,791
1.185,1.2,0.798,799
1.186,1.2,0.796,797
1.187,1.2,0.795,795
1.188,1.2,0.797,798
1.19,1.2,0.803,805
1.192,1.2,0.799,800
1.197,1.2,0.803,805
1.2,1.2,0.8,802
1.207,1.2,0.805,807
1.208,1.2,0.805,807
1.209,1.2,0.803,805
1.21,1.2,0.807,810
1.217,1.2,0.812,816
1.221,1.2,0.811,815
1.222,1.2,0.813,817
1.233,1.2,0.815,820
1.24,1.2,0.816,821
1.241,1.2,0.816,821
1.242,1.2,0.814,819
1.243,1.2,0.814,819
1.245,1.2,0.816,821
1.246,1.2,0.814,818
1.247,1.2,0.826,833
1.247,1.2,0.825,832
1.248,1.2,0.813,817
1.253,1.2,0.82,826
1.254,1.2,0.819,825
1.255,1.2,0.823,830
1.256,1.2,0.818,823
1.257,1.2,0.818,823
1.258,1.2,0.824,831
1.259,1.2,0.824,831
1.271,1.2,0.834,843
1.272,1.2,0.825,832
1.273,1.2,0.831,839
1.274,1.2,0.827,834
1.275,1.2,0.828,836
1.276,1.2,0.829,837
1.277,1.2,0.829,837
1.29,1.2,0.833,842
1.296,1.2,0.837,846
1.297,1.2,0.838,848
1.298,1.2,0.837,846
1.299,1.2,0.826,833
1.3,1.2,0.838,848
1.301,1.2,0.838,848
1.308,1.2,0.838,848
1.312,1.2,0.838,848
1.316,1.2,0.844,855
1.317,1.2,0.84,850
1.318,1.2,0.839,849
1.319,1.2,0.842,852
1.32,1.2,0.843,854
1.323,1.2,0.843,854
1.325,1.2,0.844,855
1.329,1.2,0.843,854
1.33,1.2,0.844,855
1.331,1.2,0.85,862
1.335,1.2,0.846,858
1.347,1.2,0.851,864
1.351,1.2,0.854,867
1.352,1.2,0.851,863
1.353,1.2,0.85,862
1.354,1.2,0.853,866
1.355,1.2,0.85,862
1.356,1.2,0.857,871
1.357,1.2,0.864,879
1.358,1.2,0.837,847
1.359,1.2,0.852,865
1.36,1.2,0.854,867
1.37,1.2,0.864,879
1.372,1.2,0.86,875
1.374,1.2,0.862,877
1.375,1.2,0.862,877
1.378,1.2,0.86,874
1.384,1.2,0.862,877
1.385,1.2,0.84,850
1.386,1.2,0.864,880
1.387,1.2,0.864,880
1.388,1.2,0.864,880
1.389,1.2,0.853,866
1.39,1.2,0.863,878
1.391,1.2,0.867,883
1.392,1.2,0.864,880
1.393,1.2,0.861,876
1.394,1.2,0.862,877
1.404,1.2,0.869,885
1.405,1.2,0.867,883
1.406,1.2,0.869,886
1.407,1.2,0.868,884
1.411,1.2,0.87,887
1.413,1.2,0.874,891
1.417,1.2,0.876,894
1.418,1.2,0.874,891
1.419,1.2,0.874,892
1.422,1.2,0.878,896
1.427,1.2,0.88,899
1.44,1.2,0.882,901
1.441,1.2,0.879,898
1.442,1.2,0.879,898
1.443,1.2,0.879,898
1.45,1.2,0.882,901
1.454,1.2,0.886,906
1.461,1.2,0.89,911
1.462,1.2,0.886,906
1.463,1.2,0.889,910
1.464,1.2,0.89,911
1.467,1.2,0.888,909
1.468,1.2,0.892,913
1.469,1.2,0.891,912
1.469,1.2,0.891,912
1.469,1.2,0.89,911
1.47,1.2,0.89,911
1.479,1.2,0.892,914
1.48,1.2,0.891,912
1.481,1.2,0.892,914
1.482,1.2,0.892,914
1.487,1.2,0.892,913
1.492,1.2,0.892,914
1.493,1.2,0.895,917
1.494,1.2,0.896,918
1.495,1.2,0.895,917
1.496,1.2,0.895,917
1.497,1.2,0.897,919
1.503,1.2,0.891,912
1.509,1.2,0.9,923
1.51,1.2,0.901,924
1.511,1.2,0.902,926
1.512,1.2,0.9,923
1.514,1.2,0.903,927
1.525,1.2,0.905,929
1.526,1.2,0.905,929
1.527,1.2,0.906,930
1.528,1.2,0.915,941
1.529,1.2,0.903,927
1.53,1.2,0.905,929
1.531,1.2,0.906,931
1.535,1.2,0.908,933
1.536,1.2,0.914,940
1.537,1.2,0.91,936
1.539,1.2,0.905,929
1.539,1.2,0.908,933
1.54,1.2,0.902,926
1.541,1.2,0.913,939
1.551,1.2,0.913,939
1.552,1.2,0.912,938
1.553,1.2,0.915,942
1.554,1.2,0.913,939
1.555,1.2,0.913,939
1.556,1.2,0.915,941
1.557,1.2,0.911,937
1.559,1.2,0.915,941
1.559,1.2,0.915,941
1.56,1.2,0.915,942
1.571,1.2,0.916,943
1.572,1.2,0.91,936
1.573,1.2,0.917,944
1.575,1.2,0.917,944
1.577,1.2,0.912,938
1.577,1.2,0.917,944
1.578,1.2,0.919,946
1.578,1.2,0.917,944
1.582,1.2,0.92,947
1.583,1.2,0.916,943
1.584,1.2,0.919,946
1.585,1.2,0.92,948
1.588,1.2,0.92,947
1.6,1.2,0.924,953
1.604,1.2,0.927,956
1.606,1.2,0.928,957
1.606,1.2,0.925,954
1.607,1.2,0.925,954
1.608,1.2,0.923,951
1.612,1.2,0.928,957
1.613,1.2,0.926,955
1.615,1.2,0.929,959
1.615,1.2,0.929,959
1.628,1.2,0.933,964
1.629,1.2,0.933,963
1.63,1.2,0.93,960
1.631,1.2,0.931,961
1.635,1.2,0.933,963
1.636,1.2,0.933,963
1.64,1.2,0.934,965
1.641,1.2,0.93,960
1.643,1.2,0.938,969
1.646,1.2,0.933,964
1.648,1.2,0.939,971
1.653,1.2,0.934,965
1.655,1.2,0.941,973
1.656,1.2,0.942,974
1.659,1.2,0.936,967
1.664,1.2,0.941,973
1.665,1.2,0.942,974
1.666,1.2,0.943,976
1.667,1.2,0.941,973
1.668,1.2,0.942,975
1.674,1.2,0.943,976
1.676,1.2,0.942,975
1.68,1.2,0.945,978
1.681,1.2,0.943,976
1.682,1.2,0.939,971
1.702,1.2,0.947,981
1.703,1.2,0.947,981
1.707,1.2,0.946,979
1.708,1.2,0.952,987
1.709,1.2,0.952,986
1.71,1.2,0.952,986
1.711,1.2,0.954,989
1.712,1.2,0.946,979
1.713,1.2,0.951,985
1.714,1.2,0.947,981
1.715,1.2,0.954,989
1.716,1.2,0.953,988
1.726,1.2,0.957,993
1.727,1.2,0.955,990
1.728,1.2,0.954,989
1.729,1.2,0.952,986
1.73,1.2,0.957,993
1.731,1.2,0.959,995
1.733,1.2,0.953,988
1.734,1.2,0.949,983
1.736,1.2,0.952,987
1.738,1.2,0.962,999
1.745,1.2,0.959,995
1.746,1.2,0.949,983
1.758,1.2,0.959,995
1.759,1.2,0.961,997
1.76,1.2,0.959,995
1.761,1.2,0.962,999
1.762,1.2,0.962,999
1.768,1.2,0.962,999
1.769,1.2,0.962,999
1.77,1.2,0.966,1004
1.771,1.2,0.965,1002
1.772,1.2,0.962,999
1.773,1.2,0.966,1004
1.776,1.2,0.969,1007
1.778,1.2,0.97,1008
1.779,1.2,0.97,1008
1.782,1.2,0.969,1007
1.784,1.2,0.965,1002
1.784,1.2,0.968,1006
1.79,1.2,0.969,1007
1.795,1.2,0.97,1008
1.797,1.2,0.97,1008
1.798,1.2,0.971,1010
1.801,1.2,0.97,1008
1.803,1.2,0.97,1008
1.803,1.2,0.97,1008
1.81,1.2,0.97,1008
1.812,1.2,0.97,1008
1.814,1.2,0.971,1010
1.815,1.2,0.97,1008
1.82,1.2,0.975,1015
1.821,1.2,0.974,1013
1.822,1.2,0.975,1015
1.823,1.2,0.972,1011
1.824,1.2,0.975,1015
1.825,1.2,0.972,1011
1.826,1.2,0.979,1020
1.827,1.2,0.978,1018
1.828,1.2,0.973,1012
1.838,1.2,0.979,1020
1.839,1.2,0.978,1018
1.84,1.2,0.975,1014
1.841,1.2,0.975,1015
1.848,1.2,0.982,1023
1.852,1.2,0.977,1017
1.853,1.2,0.982,1023
1.867,1.2,0.993,1036
1.875,1.2,0.992,1035
1.876,1.2,0.995,1039
1.877,1.2,0.992,1035
1.878,1.2,0.993,1037
1.879,1.2,0.992,1035
1.88,1.2,0.982,1023
1.881,1.2,0.996,1040
1.882,1.2,0.993,1037
1.883,1.2,0.995,1039
1.884,1.2,0.982,1023
1.894,1.2,0.993,1036
1.895,1.2,0.993,1037
1.896,1.2,0.994,1038
1.907,1.2,0.995,1039
1.911,1.2,0.995,1039
1.916,1.2,0.998,1043
1.923,1.2,1.002,1047
1.928,1.2,0.998,1043
1.929,1.2,1.003,1049
1.936,1.2,1.002,1047
1.941,1.2,0.997,1041
1.942,1.2,0.997,1042
1.943,1.2,1.002,1047
1.944,1.2,1.003,1049
1.952,1.2,1.006,1052
1.953,1.2,1.007,1054
1.954,1.2,1.005,1051
1.955,1.2,1.006,1052
1.956,1.2,1.005,1051
1.957,1.2,1.008,1055
1.969,1.2,1.005,1051
1.97,1.2,1.01,1057
1.971,1.2,1.013,1061
1.972,1.2,1.007,1053
1.973,1.2,1.011,1059
1.983,1.2,1.008,1055
1.991,1.2,1.009,1056
1.992,1.2,1.013,1061
1.993,1.2,1.011,1059
1.994,1.2,1.009,1056
2.0,1.2,1.013,1061
2.001,1.2,1.012,1060
2.003,1.2,1.015,1063
2.008,1.2,1.018,1067
2.013,1.2,1.015,1063
2.018,1.2,1.011,1058
2.019,1.2,1.02,1069
2.02,1.2,1.016,1065
2.021,1.2,1.015,1063
2.022,1.2,1.017,1066
2.023,1.2,1.015,1063
2.024,1.2,1.021,1071
2.025,1.2,1.022,1072
2.026,1.2,1.021,1071
2.028,1.2,1.013,1061
2.036,1.2,1.022,1072
2.039,1.2,1.034,1086
2.04,1.2,1.022,1072
2.041,1.2,1.022,1072
2.042,1.2,1.022,1072
2.049,1.2,1.023,1073
2.05,1.2,1.02,1070
2.051,1.2,1.024,1074
2.052,1.2,1.023,1073
2.055,1.2,1.023,1073
2.056,1.2,1.021,1071
2.06,1.2,1.022,1072
2.061,1.2,1.022,1072
2.062,1.2,1.025,1076
2.063,1.2,1.023,1073
2.065,1.2,1.023,1073
2.07,1.2,1.023,1073
2.072,1.2,1.028,1079
2.077,1.2,1.028,1079
2.078,1.2,1.027,1078
2.098,1.2,1.024,1074
2.099,1.2,1.033,1085
2.1,1.2,1.031,1083
2.101,1.2,1.03,1082
2.102,1.2,1.028,1079
2.103,1.2,1.035,1088
2.104,1.2,1.033,1085
2.105,1.2,1.034,1086
2.106,1.2,1.026,1077
2.116,1.2,1.038,1091
2.12,1.2,1.035,1088
2.134,1.2,1.033,1085
2.139,1.2,1.038,1091
2.14,1.2,1.035,1088
2.147,1.2,1.046,1101
2.152,1.2,1.037,1090
2.153,1.2,1.038,1091
2.154,1.2,1.038,1091
2.155,1.2,1.037,1090
2.156,1.2,1.04,1094
2.157,1.2,1.036,1089
2.162,1.2,1.038,1091
2.169,1.2,1.043,1098
2.181,1.2,1.036,1089
2.186,1.2,1.043,1097
2.191,1.2,1.043,1097
2.192,1.2,1.046,1101
2.193,1.2,1.043,1097
2.194,1.2,1.044,1099
2.195,1.2,1.048,1103
2.196,1.2,1.046,1101
2.198,1.2,1.047,1102
2.203,1.2,1.046,1101
2.205,1.2,1.052,1108
2.207,1.2,1.048,1103
2.208,1.2,1.05,1106
2.213,1.2,1.049,1105
2.214,1.2,1.048,1104
2.215,1.2,1.048,1104
2.216,1.2,1.049,1105
2.217,1.2,1.05,1106
2.218,1.2,1.048,1103
2.23,1.2,1.048,1103
2.231,1.2,1.048,1104
2.232,1.2,1.048,1104
2.233,1.2,1.048,1104
2.234,1.2,1.053,1109
2.235,1.2,1.052,1108
2.236,1.2,1.052,1108
2.237,1.2,1.051,1107
2.238,1.2,1.057,1114
2.239,1.2,1.05,1106
2.244,1.2,1.05,1106
2.245,1.2,1.046,1101
2.251,1.2,1.05,1106
2.252,1.2,1.051,1107
2.253,1.2,1.052,1108
2.259,1.2,1.048,1104
2.26,1.2,1.053,1109
2.262,1.2,1.053,1109
2.268,1.2,1.051,1107
2.269,1.2,1.052,1108
2.27,1.2,1.053,1110
2.272,1.2,1.056,1113
2.277,1.2,1.057,1114
2.28,1.2,1.057,1115
2.281,1.2,1.056,1113
2.284,1.2,1.062,1121
2.285,1.2,1.056,1113
2.286,1.2,1.058,1116
2.287,1.2,1.053,1110
2.288,1.2,1.057,1115
2.289,1.2,1.057,1115
2.29,1.2,1.053,1110
2.291,1.2,1.054,1111
2.292,1.2,1.062,1120
2.293,1.2,1.064,1123
2.304,1.2,1.061,1119
2.316,1.2,1.062,1121
2.317,1.2,1.061,1119
2.318,1.2,1.06,1118
2.319,1.2,1.064,1123
2.32,1.2,1.062,1121
2.321,1.2,1.062,1121
2.322,1.2,1.062,1121
2.323,1.2,1.061,1119
2.324,1.2,1.064,1123
2.334,1.2,1.067,1127
2.337,1.2,1.069,1129
2.343,1.2,1.064,1123
2.344,1.2,1.066,1126
2.345,1.2,1.071,1131
2.346,1.2,1.066,1125
2.347,1.2,1.067,1127
2.348,1.2,1.063,1122
2.353,1.2,1.071,1131
2.358,1.2,1.066,1126
2.359,1.2,1.069,1129
2.361,1.2,1.066,1126
2.362,1.2,1.066,1125
2.374,1.2,1.072,1133
2.375,1.2,1.071,1132
2.376,1.2,1.073,1134
2.377,1.2,1.072,1133
2.378,1.2,1.071,1131
2.379,1.2,1.071,1131
2.38,1.2,1.072,1133
2.381,1.2,1.075,1136
2.382,1.2,1.069,1129
2.392,1.2,1.072,1133
2.393,1.2,1.067,1127
2.395,1.2,1.074,1135
2.395,1.2,1.073,1134
2.396,1.2,1.068,1128
2.397,1.2,1.074,1135
2.399,1.2,1.075,1136
2.399,1.2,1.071,1131
2.4,1.2,1.075,1136
2.401,1.2,1.071,1131
2.403,1.2,1.073,1134
2.414,1.2,1.083,1146
2.415,1.2,1.075,1136
2.425,1.2,1.075,1137
2.426,1.2,1.075,1137
2.427,1.2,1.075,1136
2.428,1.2,1.075,1137
2.429,1.2,1.072,1133
2.441,1.2,1.083,1146
2.449,1.2,1.077,1139
2.45,1.2,1.08,1143
2.451,1.2,1.08,1143
2.452,1.2,1.079,1141
2.453,1.2,1.075,1136
2.454,1.2,1.078,1140
2.455,1.2,1.079,1141
2.456,1.2,1.08,1142
2.457,1.2,1.086,1150
2.467,1.2,1.075,1136
2.474,1.2,1.079,1141
2.477,1.2,1.078,1140
2.479,1.2,1.084,1147
2.484,1.2,1.097,1163
2.485,1.2,1.085,1149
2.486,1.2,1.08,1142
2.491,1.2,1.088,1152
2.492,1.2,1.08,1142
2.493,1.2,1.086,1150
2.494,1.2,1.085,1149
2.495,1.2,1.083,1146
2.496,1.2,1.083,1146
2.497,1.2,1.085,1149
2.5,1.2,1.088,1152
2.501,1.2,1.085,1149
2.505,1.2,1.088,1152
2.509,1.2,1.086,1150
2.521,1.2,1.088,1152
2.522,1.2,1.088,1152
2.523,1.2,1.088,1152
2.524,1.2,1.093,1158
2.525,1.2,1.09,1155
2.526,1.2,1.088,1152
2.527,1.2,1.086,1150
2.528,1.2,1.087,1151
2.529,1.2,1.089,1153
2.53,1.2,1.085,1149
2.54,1.2,1.092,1157
2.541,1.2,1.089,1153
2.547,1.2,1.086,1150
2.548,1.2,1.088,1152
2.549,1.2,1.09,1155
2.55,1.2,1.09,1155
2.551,1.2,1.095,1161
2.552,1.2,1.093,1158
2.553,1.2,1.089,1154
2.554,1.2,1.089,1153
2.555,1.2,1.087,1151
2.556,1.2,1.089,1154
2.567,1.2,1.095,1161
2.569,1.2,1.096,1162
2.58,1.2,1.093,1158
2.583,1.2,1.096,1162
2.584,1.2,1.094,1159
2.585,1.2,1.1,1167
2.586,1.2,1.091,1156
2.592,1.2,1.093,1158
2.594,1.2,1.098,1165
2.608,1.2,1.098,1164
2.609,1.2,1.093,1158
2.61,1.2,1.1,1167
2.614,1.2,1.099,1166
2.615,1.2,1.101,1168
2.616,1.2,1.096,1162
2.617,1.2,1.101,1168
2.622,1.2,1.101,1168
2.623,1.2,1.098,1165
2.624,1.2,1.098,1165
2.626,1.2,1.097,1163
2.626,1.2,1.101,1168
2.627,1.2,1.1,1167
2.628,1.2,1.1,1167
2.629,1.2,1.102,1169
2.63,1.2,1.099,1166
2.631,1.2,1.102,1169
2.642,1.2,1.104,1172
2.648,1.2,1.101,1168
2.651,1.2,1.105,1173
2.652,1.2,1.101,1168
2.653,1.2,1.104,1172
2.66,1.2,1.099,1166
2.663,1.2,1.101,1168
2.664,1.2,1.108,1177
2.665,1.2,1.103,1170
2.666,1.2,1.102,1169
2.667,1.2,1.103,1171
2.668,1.2,1.1,1167
2.669,1.2,1.103,1170
2.67,1.2,1.101,1168
2.672,1.2,1.102,1169
2.672,1.2,1.103,1170
2.677,1.2,1.105,1173
2.678,1.2,1.107,1175
2.679,1.2,1.102,1169
2.69,1.2,1.108,1177
2.691,1.2,1.106,1174
2.692,1.2,1.107,1175
2.697,1.2,1.105,1173
2.701,1.2,1.103,1171
2.702,1.2,1.102,1169
2.703,1.2,1.101,1168
2.705,1.2,1.104,1172
2.705,1.2,1.106,1174
2.706,1.2,1.111,1180
2.709,1.2,1.111,1180
2.71,1.2,1.111,1180
2.712,1.2,1.093,1158
2.712,1.2,1.11,1179
2.713,1.2,1.112,1182
2.714,1.2,1.112,1182
2.721,1.2,1.109,1178
2.733,1.2,1.106,1174
2.738,1.2,1.106,1174
2.749,1.2,1.111,1180
2.75,1.2,1.113,1183
2.751,1.2,1.111,1180
2.752,1.2,1.105,1173
2.753,1.2,1.109,1178
2.761,1.2,1.11,1179
2.766,1.2,1.112,1181
2.767,1.2,1.114,1184
2.768,1.2,1.117,1188
2.769,1.2,1.103,1171
2.771,1.2,1.113,1183
2.771,1.2,1.121,1193
2.772,1.2,1.114,1184
2.773,1.2,1.112,1181
2.774,1.2,1.115,1185
2.775,1.2,1.108,1177
2.785,1.2,1.116,1186
2.786,1.2,1.112,1182
2.788,1.2,1.111,1180
2.789,1.2,1.114,1184
2.796,1.2,1.117,1188
2.8,1.2,1.116,1186
2.801,1.2,1.116,1186
2.802,1.2,1.118,1189
2.803,1.2,1.116,1186
2.804,1.2,1.116,1186
2.805,1.2,1.116,1186
2.817,1.2,1.122,1194
2.82,1.2,1.118,1189
2.822,1.2,1.112,1182
2.823,1.2,1.115,1185
2.824,1.2,1.118,1189
2.825,1.2,1.12,1191
2.826,1.2,1.12,1191
2.827,1.2,1.119,1190
2.828,1.2,1.117,1188
2.829,1.2,1.117,1187
2.83,1.2,1.119,1190
2.84,1.2,1.121,1193
2.842,1.2,1.12,1191
2.844,1.2,1.12,1191
2.846,1.2,1.121,1193
2.849,1.2,1.121,1192
2.862,1.2,1.126,1198
2.863,1.2,1.121,1193
2.864,1.2,1.117,1188
2.865,1.2,1.119,1190
2.866,1.2,1.12,1191
2.867,1.2,1.122,1194
2.868,1.2,1.118,1189
2.869,1.2,1.122,1194
2.87,1.2,1.126,1198
2.88,1.2,1.126,1198
2.881,1.2,1.121,1192
2.882,1.2,1.126,1198
2.883,1.2,1.126,1198
2.884,1.2,1.126,1198
2.885,1.2,1.124,1196
2.886,1.2,1.123,1195
2.887,1.2,1.124,1196
2.888,1.2,1.12,1191
2.889,1.2,1.126,1199
2.9,1.2,1.127,1200
2.901,1.2,1.126,1198
2.908,1.2,1.117,1188
2.917,1.2,1.127,1200
2.918,1.2,1.126,1198
2.919,1.2,1.127,1200
2.92,1.2,1.124,1196
2.921,1.2,1.125,1197
2.922,1.2,1.127,1200
2.923,1.2,1.128,1201
2.924,1.2,1.127,1200
2.925,1.2,1.127,1200
2.926,1.2,1.127,1200
2.936,1.2,1.13,1203
2.94,1.2,1.122,1194
2.941,1.2,1.128,1201
2.942,1.2,1.127,1200
2.952,1.2,1.133,1207
2.96,1.2,1.127,1200
2.961,1.2,1.127,1200
2.962,1.2,1.131,1205
2.963,1.2,1.131,1205
2.964,1.2,1.127,1200
2.965,1.2,1.127,1200
2.966,1.2,1.129,1202
2.967,1.2,1.135,1209
2.971,1.2,1.128,1201
2.976,1.2,1.139,1214
2.977,1.2,1.131,1205
2.978,1.2,1.13,1203
2.988,1.2,1.127,1200
2.989,1.2,1.133,1207
2.99,1.2,1.131,1205
2.991,1.2,1.133,1207
2.992,1.2,1.133,1207
2.993,1.2,1.135,1209
2.994,1.2,1.127,1200
2.995,1.2,1.127,1200
2.996,1.2,1.135,1209
3.0,1.2,1.131,1204
3.001,1.2,1.128,1201
3.002,1.2,1.132,1206
3.003,1.2,1.128,1201
3.013,1.2,1.132,1206
3.014,1.2,1.13,1203
3.017,1.2,1.13,1203
3.017,1.2,1.136,1211
3.018,1.2,1.135,1209
3.018,1.2,1.132,1206
3.019,1.2,1.136,1211
3.02,1.2,1.131,1205
3.021,1.2,1.135,1210
3.032,1.2,1.131,1204
3.043,1.2,1.14,1215
3.044,1.2,1.131,1205
3.045,1.2,1.136,1211
3.046,1.2,1.137,1212
3.047,1.2,1.135,1210
3.048,1.2,1.136,1211
3.049,1.2,1.139,1214
3.05,1.2,1.135,1209
3.051,1.2,1.138,1213
3.056,1.2,1.136,1211
3.057,1.2,1.139,1214
3.058,1.2,1.139,1214
3.059,1.2,1.135,1209
3.069,1.2,1.14,1215
3.07,1.2,1.139,1214
3.071,1.2,1.139,1214
3.077,1.2,1.135,1210
3.078,1.2,1.14,1215
3.079,1.2,1.133,1207
3.08,1.2,1.14,1215
3.081,1.2,1.135,1209
3.086,1.2,1.14,1216
3.097,1.2,1.139,1214
3.098,1.2,1.14,1216
3.099,1.2,1.139,1214
3.1,1.2,1.14,1216
3.101,1.2,1.139,1214
3.102,1.2,1.138,1213
3.103,1.2,1.14,1215
3.106,1.2,1.14,1215
3.107,1.2,1.14,1215
3.108,1.2,1.139,1214
3.118,1.2,1.14,1215
3.119,1.2,1.137,1212
3.12,1.2,1.143,1219
3.121,1.2,1.142,1218
3.122,1.2,1.142,1218
3.123,1.2,1.142,1218
3.124,1.2,1.144,1221
3.125,1.2,1.14,1216
3.126,1.2,1.14,1215
3.127,1.2,1.143,1219
3.137,1.2,1.135,1210
3.138,1.2,1.127,1200
3.139,1.2,1.145,1222
3.14,1.2,1.143,1219
3.146,1.2,1.14,1215
3.151,1.2,1.14,1216
3.162,1.2,1.144,1221
3.163,1.2,1.14,1216
3.164,1.2,1.142,1218
3.165,1.2,1.145,1222
3.168,1.2,1.146,1223
3.182,1.2,1.146,1223
3.186,1.2,1.144,1221
3.187,1.2,1.143,1219
3.188,1.2,1.148,1225
3.189,1.2,1.148,1225
3.194,1.2,1.144,1221
3.208,1.2,1.148,1225
3.209,1.2,1.145,1222
3.21,1.2,1.149,1227
3.211,1.2,1.145,1222
3.212,1.2,1.142,1218
3.213,1.2,1.148,1225
3.214,1.2,1.135,1209
3.215,1.2,1.149,1227
3.216,1.2,1.142,1218
3.217,1.2,1.147,1224
3.228,1.2,1.15,1228
3.237,1.2,1.149,1226
3.242,1.2,1.151,1229
3.253,1.2,1.144,1221
3.254,1.2,1.151,1229
3.255,1.2,1.153,1232
3.256,1.2,1.152,1230
3.257,1.2,1.152,1230
3.258,1.2,1.154,1233
3.259,1.2,1.151,1229
3.26,1.2,1.152,1230
3.261,1.2,1.152,1230
3.271,1.2,1.144,1221
3.272,1.2,1.153,1231
3.273,1.2,1.144,1220
3.274,1.2,1.155,1234
3.275,1.2,1.146,1223
3.276,1.2,1.138,1213
3.277,1.2,1.149,1227
3.278,1.2,1.162,1242
3.279,1.2,1.166,1247
3.28,1.2,1.152,1230
3.291,1.2,1.155,1234
3.296,1.2,1.153,1232
3.297,1.2,1.155,1234
3.298,1.2,1.153,1232
3.299,1.2,1.149,1227
3.3,1.2,1.153,1231
3.313,1.2,1.151,1229
3.314,1.2,1.153,1232
3.315,1.2,1.153,1231
3.316,1.2,1.153,1231
3.317,1.2,1.152,1230
3.318,1.2,1.153,1232
3.319,1.2,1.151,1229
3.324,1.2,1.153,1231
3.335,1.2,1.159,1239
3.336,1.2,1.155,1234
3.337,1.2,1.154,1233
3.338,1.2,1.156,1235
3.339,1.2,1.154,1233
3.34,1.2,1.153,1232
3.341,1.2,1.153,1232
3.342,1.2,1.144,1221
3.343,1.2,1.154,1233
3.353,1.2,1.158,1237
3.354,1.2,1.153,1232
3.36,1.2,1.153,1232
3.361,1.2,1.155,1234
3.362,1.2,1.163,1243
3.363,1.2,1.153,1231
3.364,1.2,1.153,1232
3.365,1.2,1.155,1234
3.366,1.2,1.155,1234
3.371,1.2,1.163,1244
3.383,1.2,1.155,1234
3.384,1.2,1.155,1234
3.385,1.2,1.156,1235
3.386,1.2,1.158,1238
3.387,1.2,1.153,1232
3.388,1.2,1.155,1234
3.389,1.2,1.154,1233
3.39,1.2,1.154,1233
3.391,1.2,1.155,1234
3.392,1.2,1.154,1233
3.398,1.2,1.156,1235
3.401,1.2,1.153,1232
3.402,1.2,1.153,1232
3.403,1.2,1.158,1238
3.404,1.2,1.155,1234
3.406,1.2,1.159,1239
3.406,1.2,1.156,1235
3.416,1.2,1.159,1239
3.417,1.2,1.163,1243
3.418,1.2,1.158,1238
3.419,1.2,1.154,1233
3.42,1.2,1.156,1235
3.421,1.2,1.158,1238
3.422,1.2,1.153,1232
3.423,1.2,1.143,1219
3.433,1.2,1.163,1243
3.434,1.2,1.154,1233
3.441,1.2,1.161,1241
3.443,1.2,1.158,1237
3.443,1.2,1.157,1236
3.444,1.2,1.165,1246
3.448,1.2,1.159,1239
3.453,1.2,1.17,1252
3.454,1.2,1.158,1238
3.455,1.2,1.158,1238
3.456,1.2,1.165,1246
3.457,1.2,1.159,1239
3.458,1.2,1.158,1238
3.459,1.2,1.163,1243
3.46,1.2,1.159,1239
3.461,1.2,1.158,1237
3.462,1.2,1.158,1237
3.473,1.2,1.164,1245
3.477,1.2,1.165,1246
3.478,1.2,1.158,1238
3.479,1.2,1.158,1238
3.48,1.2,1.161,1241
3.482,1.2,1.159,1239
3.482,1.2,1.158,1238
3.483,1.2,1.167,1248
3.486,1.2,1.163,1244
3.486,1.2,1.158,1238
3.487,1.2,1.158,1237
3.497,1.2,1.163,1243
3.504,1.2,1.164,1245
3.509,1.2,1.163,1243
3.51,1.2,1.163,1243
3.52,1.2,1.162,1242
3.521,1.2,1.166,1247
3.522,1.2,1.158,1237
3.536,1.2,1.165,1246
3.537,1.2,1.162,1242
3.538,1.2,1.166,1247
3.539,1.2,1.158,1238
3.54,1.2,1.167,1249
3.541,1.2,1.169,1251
3.542,1.2,1.166,1247
3.543,1.2,1.163,1243
3.555,1.2,1.168,1250
3.559,1.2,1.167,1249
3.56,1.2,1.167,1248
3.573,1.2,1.167,1248
3.574,1.2,1.164,1245
3.578,1.2,1.163,1243
3.579,1.2,1.167,1248
3.58,1.2,1.167,1248
3.584,1.2,1.165,1246
3.595,1.2,1.167,1249
3.596,1.2,1.168,1250
3.597,1.2,1.172,1255
3.599,1.2,1.167,1248
3.599,1.2,1.163,1243
3.6,1.2,1.167,1249
3.601,1.2,1.172,1255
3.602,1.2,1.167,1249
3.603,1.2,1.159,1239
3.606,1.2,1.167,1249
3.607,1.2,1.166,1247
3.61,1.2,1.168,1250
3.616,1.2,1.169,1251
3.618,1.2,1.172,1254
3.622,1.2,1.167,1248
3.626,1.2,1.167,1249
3.627,1.2,1.166,1247
3.628,1.2,1.165,1246
3.629,1.2,1.166,1247
3.63,1.2,1.172,1255
3.632,1.2,1.155,1234
3.638,1.2,1.167,1248
3.639,1.2,1.17,1252
3.64,1.2,1.165,1246
3.641,1.2,1.171,1253
3.642,1.2,1.168,1250
3.649,1.2,1.17,1252
3.654,1.2,1.168,1250
3.656,1.2,1.167,1248
3.659,1.2,1.17,1252
3.661,1.2,1.172,1254
3.671,1.2,1.167,1248
3.674,1.2,1.172,1254
3.677,1.2,1.169,1251
3.683,1.2,1.166,1247
3.684,1.2,1.169,1251
3.685,1.2,1.172,1254
3.687,1.2,1.175,1258
3.689,1.2,1.167,1248
3.69,1.2,1.168,1250
3.691,1.2,1.171,1253
3.698,1.2,1.174,1257
3.699,1.2,1.172,1255
3.7,1.2,1.173,1256
3.701,1.2,1.168,1250
3.702,1.2,1.171,1253
3.705,1.2,1.176,1260
3.707,1.2,1.167,1249
3.711,1.2,1.172,1254
3.724,1.2,1.175,1258
3.725,1.2,1.172,1254
3.729,1.2,1.171,1253
3.734,1.2,1.174,1257
3.737,1.2,1.174,1257
3.738,1.2,1.175,1258
3.739,1.2,1.169,1251
3.74,1.2,1.172,1255
3.742,1.2,1.175,1258
3.745,1.2,1.176,1260
3.746,1.2,1.172,1255
3.747,1.2,1.172,1254
3.748,1.2,1.177,1261
3.749,1.2,1.174,1257
3.75,1.2,1.174,1257
3.751,1.2,1.176,1260
3.762,1.2,1.172,1255
3.763,1.2,1.172,1255
3.764,1.2,1.18,1264
3.768,1.2,1.176,1259
3.769,1.2,1.172,1255
3.77,1.2,1.172,1255
3.771,1.2,1.181,1265
3.772,1.2,1.172,1255
3.773,1.2,1.18,1264
3.774,1.2,1.167,1249
3.775,1.2,1.176,1260
3.776,1.2,1.179,1263
3.777,1.2,1.176,1259
3.787,1.2,1.165,1246
3.789,1.2,1.179,1263
3.792,1.2,1.176,1260
3.793,1.2,1.174,1257
3.794,1.2,1.178,1262
3.795,1.2,1.178,1262
3.796,1.2,1.18,1264
3.797,1.2,1.18,1264
3.798,1.2,1.174,1257
3.799,1.2,1.176,1259
3.8,1.2,1.177,1261
3.801,1.2,1.18,1264
3.812,1.2,1.177,1261
3.814,1.2,1.178,1262
3.814,1.2,1.177,1261
3.819,1.2,1.18,1264
3.82,1.2,1.174,1257
3.832,1.2,1.177,1261
3.833,1.2,1.177,1261
3.834,1.2,1.176,1259
3.835,1.2,1.175,1258
3.836,1.2,1.18,1264
3.837,1.2,1.18,1264
3.838,1.2,1.175,1258
3.839,1.2,1.182,1267
3.84,1.2,1.179,1263
3.841,1.2,1.18,1264
3.852,1.2,1.177,1261
3.854,1.2,1.176,1259
3.854,1.2,1.185,1270
3.855,1.2,1.176,1259
3.859,1.2,1.176,1259
3.86,1.2,1.176,1259
3.861,1.2,1.181,1265
3.862,1.2,1.18,1264
3.863,1.2,1.181,1265
3.864,1.2,1.181,1265
3.865,1.2,1.179,1263
3.866,1.2,1.179,1263
3.876,1.2,1.179,1263
3.877,1.2,1.18,1264
3.884,1.2,1.178,1262
3.885,1.2,1.174,1257
3.886,1.2,1.18,1264
3.887,1.2,1.18,1264
3.888,1.2,1.176,1260
3.889,1.2,1.177,1261
3.89,1.2,1.18,1264
3.891,1.2,1.178,1262
3.892,1.2,1.181,1265
3.902,1.2,1.18,1264
3.903,1.2,1.18,1264
3.904,1.2,1.18,1264
3.906,1.2,1.18,1264
3.907,1.2,1.177,1261
3.907,1.2,1.179,1263
3.908,1.2,1.179,1263
3.91,1.2,1.18,1264
3.91,1.2,1.18,1264
3.911,1.2,1.178,1262
3.913,1.2,1.177,1261
3.924,1.2,1.179,1263
3.93,1.2,1.181,1266
3.931,1.2,1.184,1269
3.932,1.2,1.174,1257
3.933,1.2,1.18,1264
3.935,1.2,1.18,1264
3.936,1.2,1.18,1264
3.939,1.2,1.18,1264
3.94,1.2,1.18,1264
3.941,1.2,1.178,1262
3.942,1.2,1.18,1264
3.943,1.2,1.181,1265
3.944,1.2,1.179,1263
3.945,1.2,1.18,1264
3.949,1.2,1.181,1265
3.95,1.2,1.181,1266
3.951,1.2,1.18,1264
3.963,1.2,1.181,1266
3.964,1.2,1.181,1265
3.965,1.2,1.179,1263
3.966,1.2,1.18,1264
3.967,1.2,1.182,1267
3.968,1.2,1.18,1264
3.969,1.2,1.18,1264
3.97,1.2,1.182,1267
3.971,1.2,1.182,1267
3.972,1.2,1.181,1265
3.983,1.2,1.181,1265
3.985,1.2,1.18,1264
3.985,1.2,1.183,1268
3.999,1.2,1.181,1265
4.0,1.2,1.181,1265
4.001,1.2,1.18,1264
4.002,1.2,1.183,1268
4.015,1.2,1.184,1269
4.016,1.2,1.181,1266
4.021,1.2,1.181,1266
4.024,1.2,1.182,1267
4.032,1.2,1.185,1270
4.033,1.2,1.186,1271
4.034,1.2,1.184,1269
4.035,1.2,1.181,1266
4.036,1.2,1.183,1268
4.041,1.2,1.183,1268
4.043,1.2,1.185,1270
4.043,1.2,1.182,1267
4.058,1.2,1.18,1264
4.059,1.2,1.177,1261
4.06,1.2,1.192,1279
4.062,1.2,1.185,1270
4.062,1.2,1.181,1265
4.063,1.2,1.184,1269
4.064,1.2,1.189,1275
4.065,1.2,1.192,1279
4.066,1.2,1.18,1264
4.067,1.2,1.182,1267
4.077,1.2,1.186,1271
4.078,1.2,1.183,1268
4.079,1.2,1.179,1263
4.089,1.2,1.182,1267
4.094,1.2,1.181,1265
4.095,1.2,1.183,1268
4.096,1.2,1.184,1269
4.097,1.2,1.182,1267
4.098,1.2,1.186,1271
4.099,1.2,1.186,1271
4.1,1.2,1.185,1270
4.101,1.2,1.185,1270
4.102,1.2,1.184,1269
4.112,1.2,1.184,1269
4.113,1.2,1.189,1275
4.118,1.2,1.189,1275
4.119,1.2,1.192,1279
4.125,1.2,1.188,1274
4.133,1.2,1.185,1270
4.134,1.2,1.19,1277
4.135,1.2,1.188,1274
4.136,1.2,1.186,1271
4.137,1.2,1.188,1274
4.138,1.2,1.188,1274
4.139,1.2,1.191,1278
4.14,1.2,1.184,1269
4.141,1.2,1.186,1271
4.142,1.2,1.189,1275
4.152,1.2,1.186,1271
4.163,1.2,1.183,1268
4.164,1.2,1.189,1275
4.165,1.2,1.186,1272
4.166,1.2,1.189,1275
4.167,1.2,1.186,1271
4.168,1.2,1.189,1275
4.169,1.2,1.183,1268
4.17,1.2,1.19,1277
4.175,1.2,1.188,1274
4.176,1.2,1.19,1277
4.177,1.2,1.184,1269
4.178,1.2,1.184,1269
4.183,1.2,1.184,1269
4.184,1.2,1.186,1271
4.185,1.2,1.187,1273
4.186,1.2,1.187,1273
4.19,1.2,1.186,1271
4.191,1.2,1.191,1278
4.201,1.2,1.192,1279
4.202,1.2,1.184,1269
4.203,1.2,1.189,1275
4.204,1.2,1.187,1273
4.205,1.2,1.189,1275
4.206,1.2,1.185,1270
4.207,1.2,1.188,1274
4.208,1.2,1.187,1273
4.209,1.2,1.181,1265
4.219,1.2,1.193,1280
4.22,1.2,1.189,1275
4.23,1.2,1.192,1279
4.235,1.2,1.191,1278
4.236,1.2,1.186,1271
4.237,1.2,1.188,1274
4.238,1.2,1.189,1275
4.239,1.2,1.206,1296
4.24,1.2,1.192,1279
4.241,1.2,1.194,1281
4.242,1.2,1.185,1270
4.248,1.2,1.194,1281
4.25,1.2,1.188,1274
4.256,1.2,1.19,1277
4.259,1.2,1.191,1278
4.26,1.2,1.193,1280
4.261,1.2,1.187,1273
4.262,1.2,1.193,1280
4.263,1.2,1.186,1271
4.264,1.2,1.19,1277
4.265,1.2,1.192,1279
4.266,1.2,1.194,1281
4.267,1.2,1.193,1280
4.278,1.2,1.189,1275
4.287,1.2,1.188,1274
4.288,1.2,1.191,1278
4.289,1.2,1.193,1280
4.29,1.2,1.189,1275
4.291,1.2,1.191,1278
4.301,1.2,1.186,1271
4.306,1.2,1.192,1279
4.317,1.2,1.194,1281
4.318,1.2,1.192,1279
4.319,1.2,1.188,1274
4.32,1.2,1.195,1282
4.321,1.2,1.193,1280
4.322,1.2,1.189,1275
4.323,1.2,1.19,1277
4.335,1.2,1.193,1280
4.338,1.2,1.193,1280
4.338,1.2,1.193,1280
4.338,1.2,1.193,1280
4.339,1.2,1.193,1280
4.34,1.2,1.19,1277
4.342,1.2,1.192,1279
4.343,1.2,1.19,1276
4.347,1.2,1.191,1278
4.349,1.2,1.194,1281
4.349,1.2,1.189,1275
4.358,1.2,1.202,1291
4.359,1.2,1.191,1278
4.36,1.2,1.193,1280
4.361,1.2,1.189,1275
4.366,1.2,1.193,1280
4.371,1.2,1.193,1280
4.372,1.2,1.194,1281
4.377,1.2,1.189,1275
4.378,1.2,1.19,1277
4.381,1.2,1.19,1277
4.392,1.2,1.195,1282
4.404,1.2,1.193,1280
4.405,1.2,1.191,1278
4.406,1.2,1.195,1283
4.407,1.2,1.195,1283
4.408,1.2,1.194,1281
4.409,1.2,1.193,1280
4.41,1.2,1.192,1279
4.411,1.2,1.194,1281
4.412,1.2,1.195,1282
4.413,1.2,1.193,1280
4.424,1.2,1.194,1281
4.426,1.2,1.197,1285
4.434,1.2,1.197,1285
4.439,1.2,1.191,1278
4.44,1.2,1.195,1282
4.441,1.2,1.194,1281
4.443,1.2,1.191,1278
4.449,1.2,1.193,1280
4.454,1.2,1.18,1264
4.457,1.2,1.193,1280
4.462,1.2,1.197,1285
4.463,1.2,1.198,1286
4.464,1.2,1.195,1282
4.465,1.2,1.196,1284
4.466,1.2,1.195,1283
4.473,1.2,1.197,1285
4.477,1.2,1.2,1289
4.478,1.2,1.193,1280
4.479,1.2,1.198,1286
4.48,1.2,1.195,1283
4.481,1.2,1.188,1274
4.484,1.2,1.196,1284
4.485,1.2,1.192,1279
4.486,1.2,1.2,1289
4.487,1.2,1.193,1280
4.488,1.2,1.195,1282
4.489,1.2,1.199,1287
4.492,1.2,1.193,1280
4.497,1.2,1.194,1281
4.499,1.2,1.199,1287
4.511,1.2,1.197,1285
4.515,1.2,1.195,1283
4.527,1.2,1.198,1286
4.531,1.2,1.193,1280
4.532,1.2,1.198,1286
4.537,1.2,1.195,1282
4.544,1.2,1.195,1282
4.546,1.2,1.189,1275
4.554,1.2,1.2,1289
4.559,1.2,1.2,1289
4.56,1.2,1.195,1283
4.563,1.2,1.194,1281
4.564,1.2,1.197,1285
4.565,1.2,1.196,1284
4.572,1.2,1.196,1284
4.573,1.2,1.195,1282
4.574,1.2,1.199,1288
4.575,1.2,1.197,1285
4.576,1.2,1.194,1281
4.577,1.2,1.2,1289
4.578,1.2,1.198,1286
4.579,1.2,1.196,1284
4.58,1.2,1.197,1285
4.581,1.2,1.194,1281
4.592,1.2,1.195,1283
4.593,1.2,1.198,1286
4.597,1.2,1.2,1289
4.598,1.2,1.2,1289
4.599,1.2,1.203,1292
4.6,1.2,1.193,1280
4.601,1.2,1.2,1289
4.602,1.2,1.197,1285
4.603,1.2,1.198,1286
4.604,1.2,1.195,1283
4.605,1.2,1.195,1282
4.606,1.2,1.195,1283
4.617,1.2,1.199,1287
4.619,1.2,1.199,1287
4.619,1.2,1.195,1283
4.623,1.2,1.205,1295
4.624,1.2,1.198,1286
4.625,1.2,1.195,1282
4.632,1.2,1.202,1291
4.634,1.2,1.204,1293
4.634,1.2,1.197,1285
4.635,1.2,1.201,1290
4.636,1.2,1.201,1290
4.637,1.2,1.197,1285
4.638,1.2,1.203,1292
4.639,1.2,1.196,1284
4.64,1.2,1.2,1289
4.65,1.2,1.197,1285
4.652,1.2,1.204,1293
4.653,1.2,1.199,1287
4.653,1.2,1.199,1288
4.655,1.2,1.201,1290
4.656,1.2,1.202,1291
4.656,1.2,1.2,1289
4.657,1.2,1.193,1280
4.659,1.2,1.198,1286
4.66,1.2,1.195,1283
4.67,1.2,1.2,1289
4.673,1.2,1.197,1285
4.673,1.2,1.197,1285
4.674,1.2,1.197,1285
4.674,1.2,1.199,1287
4.675,1.2,1.202,1291
4.679,1.2,1.197,1285
4.682,1.2,1.201,1290
4.683,1.2,1.203,1292
4.684,1.2,1.203,1292
4.685,1.2,1.199,1287
4.686,1.2,1.199,1287
4.687,1.2,1.205,1295
4.688,1.2,1.202,1291
4.699,1.2,1.203,1292
4.7,1.2,1.203,1292
4.701,1.2,1.199,1287
4.702,1.2,1.195,1283
4.703,1.2,1.2,1289
4.704,1.2,1.198,1286
4.705,1.2,1.2,1289
4.706,1.2,1.197,1285
4.707,1.2,1.198,1286
4.708,1.2,1.199,1287
4.718,1.2,1.199,1287
4.719,1.2,1.195,1282
4.728,1.2,1.2,1289
4.729,1.2,1.201,1290
4.73,1.2,1.205,1295
4.731,1.2,1.204,1293
4.732,1.2,1.201,1290
4.733,1.2,1.205,1295
4.734,1.2,1.204,1293
4.735,1.2,1.2,1289
4.737,1.2,1.202,1291
4.737,1.2,1.201,1290
4.747,1.2,1.199,1287
4.748,1.2,1.203,1292
4.752,1.2,1.199,1287
4.753,1.2,1.213,1305
4.754,1.2,1.201,1290
4.756,1.2,1.2,1289
4.757,1.2,1.207,1297
4.757,1.2,1.206,1296
4.758,1.2,1.193,1280
4.765,1.2,1.2,1289
4.77,1.2,1.204,1293
4.771,1.2,1.202,1291
4.778,1.2,1.197,1285
4.779,1.2,1.199,1287
4.78,1.2,1.197,1285
4.781,1.2,1.204,1294
4.782,1.2,1.198,1286
4.783,1.2,1.204,1293
4.784,1.2,1.206,1296
4.785,1.2,1.205,1295
4.786,1.2,1.199,1287
4.796,1.2,1.205,1295
4.797,1.2,1.203,1292
4.798,1.2,1.196,1284
4.8,1.2,1.206,1296
4.8,1.2,1.208,1298
4.801,1.2,1.197,1285
4.803,1.2,1.199,1287
4.804,1.2,1.201,1290
4.804,1.2,1.193,1280
4.806,1.2,1.203,1292
4.807,1.2,1.2,1289
4.818,1.2,1.201,1290
4.819,1.2,1.194,1281
4.824,1.2,1.206,1296
4.825,1.2,1.205,1295
4.826,1.2,1.199,1287
4.827,1.2,1.197,1285
4.828,1.2,1.204,1293
4.829,1.2,1.204,1294
4.83,1.2,1.201,1290
4.831,1.2,1.207,1297
4.832,1.2,1.202,1291
4.833,1.2,1.206,1296
4.844,1.2,1.198,1286
4.845,1.2,1.211,1302
4.846,1.2,1.202,1291
4.848,1.2,1.202,1291
4.848,1.2,1.204,1293
4.851,1.2,1.201,1290
4.853,1.2,1.206,1296
4.856,1.2,1.199,1287
4.857,1.2,1.201,1290
4.861,1.2,1.204,1293
4.872,1.2,1.206,1296
4.873,1.2,1.206,1296
4.874,1.2,1.204,1293
4.875,1.2,1.201,1290
4.876,1.2,1.199,1288
4.877,1.2,1.206,1296
4.878,1.2,1.205,1295
4.879,1.2,1.203,1292
4.88,1.2,1.203,1292
4.882,1.2,1.201,1290
4.892,1.2,1.2,1289
4.893,1.2,1.199,1287
4.901,1.2,1.202,1291
4.902,1.2,1.205,1295
4.903,1.2,1.199,1288
4.904,1.2,1.201,1290
4.905,1.2,1.206,1296
4.907,1.2,1.206,1296
4.911,1.2,1.205,1295
4.913,1.2,1.205,1295
4.925,1.2,1.205,1295
4.926,1.2,1.204,1294
4.927,1.2,1.204,1293
4.928,1.2,1.204,1293
4.929,1.2,1.202,1291
4.93,1.2,1.2,1289
4.931,1.2,1.205,1295
4.932,1.2,1.201,1290
4.933,1.2,1.204,1294
4.943,1.2,1.201,1290
4.949,1.2,1.199,1287
4.95,1.2,1.2,1289
4.951,1.2,1.207,1297
4.952,1.2,1.204,1293
4.959,1.2,1.203,1292
4.962,1.2,1.205,1295
4.963,1.2,1.201,1290
4.964,1.2,1.204,1294
4.965,1.2,1.206,1296
4.966,1.2,1.201,1290
4.967,1.2,1.202,1291
4.968,1.2,1.204,1294
4.969,1.2,1.205,1295
4.97,1.2,1.204,1293
4.981,1.2,1.206,1296
4.986,1.2,1.197,1285
4.99,1.2,1.206,1296
4.992,1.2,1.204,1294
4.992,1.2,1.206,1296
4.993,1.2,1.201,1290
4.994,1.2,1.199,1287
4.995,1.2,1.202,1291
4.998,1.2,1.206,1296
5.0,1.2,1.206,1296
5.001,0.0,1.206,1296
5.002,0.0,1.204,1293
5.003,0.0,1.203,1292
5.013,0.0,1.189,1275
5.014,0.0,1.188,1274
5.017,0.0,1.184,1269
5.019,0.0,1.181,1266
5.019,0.0,1.181,1266
5.02,0.0,1.18,1264
5.022,0.0,1.188,1274
5.022,0.0,1.178,1262
5.023,0.0,1.177,1261
5.025,0.0,1.176,1259
5.025,0.0,1.18,1264
5.027,0.0,1.172,1255
5.037,0.0,1.158,1238
5.038,0.0,1.164,1245
5.039,0.0,1.162,1242
5.04,0.0,1.162,1242
5.041,0.0,1.154,1233
5.042,0.0,1.158,1237
5.043,0.0,1.153,1232
5.044,0.0,1.154,1233
5.045,0.0,1.156,1235
5.055,0.0,1.142,1218
5.056,0.0,1.141,1217
5.058,0.0,1.14,1216
5.058,0.0,1.139,1214
5.06,0.0,1.138,1213
5.06,0.0,1.138,1213
5.061,0.0,1.136,1211
5.066,0.0,1.131,1204
5.067,0.0,1.131,1205
5.08,0.0,1.12,1191
5.081,0.0,1.117,1187
5.09,0.0,1.107,1175
5.091,0.0,1.106,1174
5.097,0.0,1.099,1166
5.098,0.0,1.1,1167
5.105,0.0,1.09,1155
5.106,0.0,1.092,1157
5.107,0.0,1.095,1161
5.108,0.0,1.089,1154
5.109,0.0,1.086,1150
5.11,0.0,1.089,1153
5.111,0.0,1.085,1148
5.112,0.0,1.085,1149
5.114,0.0,1.084,1147
5.114,0.0,1.084,1147
5.125,0.0,1.074,1135
5.126,0.0,1.075,1136
5.127,0.0,1.074,1135
5.128,0.0,1.071,1131
5.135,0.0,1.062,1121
5.136,0.0,1.063,1122
5.15,0.0,1.048,1104
5.151,0.0,1.048,1104
5.152,0.0,1.047,1102
5.157,0.0,1.041,1095
5.158,0.0,1.04,1094
5.169,0.0,1.031,1083
5.17,0.0,1.026,1077
5.178,0.0,1.022,1072
5.179,0.0,1.022,1072
5.181,0.0,1.022,1072
5.181,0.0,1.021,1071
5.182,0.0,1.02,1069
5.183,0.0,1.02,1070
5.184,0.0,1.02,1069
5.192,0.0,1.01,1057
5.193,0.0,1.01,1057
5.194,0.0,1.008,1055
5.195,0.0,1.007,1054
5.196,0.0,1.004,1050
5.197,0.0,1.007,1053
5.198,0.0,1.003,1049
5.199,0.0,1.003,1049
5.2,0.0,1.002,1047
5.204,0.0,0.997,1041
5.205,0.0,0.998,1043
5.206,0.0,0.997,1041
5.216,0.0,0.982,1023
5.217,0.0,0.982,1023
5.229,0.0,0.973,1012
5.23,0.0,0.97,1008
5.231,0.0,0.968,1006
5.232,0.0,0.97,1008
5.234,0.0,0.97,1008
5.235,0.0,0.97,1008
5.235,0.0,0.966,1004
5.236,0.0,0.97,1008
5.243,0.0,0.961,998
5.244,0.0,0.961,998
5.245,0.0,0.956,992
5.246,0.0,0.957,993
5.253,0.0,0.949,983
5.254,0.0,0.947,980
5.255,0.0,0.947,981
5.256,0.0,0.947,981
5.257,0.0,0.945,978
5.258,0.0,0.946,979
5.259,0.0,0.941,973
5.271,0.0,0.936,967
5.272,0.0,0.938,970
5.279,0.0,0.928,957
5.28,0.0,0.929,958
5.281,0.0,0.922,950
5.282,0.0,0.928,957
5.283,0.0,0.926,955
5.284,0.0,0.925,954
5.285,0.0,0.924,953
5.286,0.0,0.923,951
5.287,0.0,0.923,951
5.289,0.0,0.92,947
5.293,0.0,0.917,944
5.294,0.0,0.917,944
5.295,0.0,0.917,944
5.296,0.0,0.917,944
5.298,0.0,0.915,941
5.305,0.0,0.909,934
5.313,0.0,0.902,926
5.314,0.0,0.898,921
5.315,0.0,0.89,911
5.324,0.0,0.891,912
5.326,0.0,0.892,913
5.326,0.0,0.892,913
5.327,0.0,0.891,912
5.328,0.0,0.891,912
5.329,0.0,0.89,911
5.33,0.0,0.889,910
5.333,0.0,0.887,907
5.335,0.0,0.883,902
5.337,0.0,0.88,899
5.338,0.0,0.88,899
5.339,0.0,0.88,899
5.34,0.0,0.879,898
5.341,0.0,0.879,898
5.351,0.0,0.87,887
5.365,0.0,0.864,879
5.366,0.0,0.867,883
5.367,0.0,0.86,874
5.371,0.0,0.857,871
5.373,0.0,0.855,869
5.379,0.0,0.849,861
5.386,0.0,0.846,857
5.387,0.0,0.843,854
5.391,0.0,0.84,850
5.396,0.0,0.838,848
5.397,0.0,0.837,846
5.398,0.0,0.839,849
5.399,0.0,0.837,846
5.408,0.0,0.829,837
5.411,0.0,0.828,835
5.418,0.0,0.818,823
5.419,0.0,0.812,816
5.42,0.0,0.823,830
5.421,0.0,0.819,824
5.422,0.0,0.816,821
5.423,0.0,0.814,818
5.435,0.0,0.805,807
5.436,0.0,0.809,813
5.437,0.0,0.805,808
5.438,0.0,0.806,809
5.439,0.0,0.805,808
5.449,0.0,0.8,802
5.45,0.0,0.798,799
5.451,0.0,0.798,799
5.462,0.0,0.791,790
5.463,0.0,0.786,785
5.47,0.0,0.784,782
5.471,0.0,0.783,781
5.472,0.0,0.784,782
5.48,0.0,0.777,773
5.481,0.0,0.775,771
5.482,0.0,0.774,770
5.484,0.0,0.773,769
5.485,0.0,0.773,769
5.485,0.0,0.773,768
5.486,0.0,0.774,770
5.49,0.0,0.771,766
5.492,0.0,0.769,764
5.492,0.0,0.767,761
5.493,0.0,0.767,761
5.494,0.0,0.765,759
5.496,0.0,0.764,758
5.498,0.0,0.762,755
5.5,0.0,0.765,759
5.5,0.0,0.761,754
5.503,0.0,0.762,755
5.505,0.0,0.759,752
5.506,0.0,0.759,752
5.516,0.0,0.752,743
5.519,0.0,0.752,743
5.52,0.0,0.747,737
5.521,0.0,0.749,739
5.522,0.0,0.748,738
5.523,0.0,0.748,738
5.524,0.0,0.745,735
5.531,0.0,0.741,729
5.532,0.0,0.743,732
5.539,0.0,0.737,725
5.54,0.0,0.733,720
5.541,0.0,0.736,723
5.542,0.0,0.735,722
5.546,0.0,0.733,720
5.551,0.0,0.728,714
5.552,0.0,0.731,718
5.553,0.0,0.728,714
5.554,0.0,0.732,719
5.556,0.0,0.729,715
5.557,0.0,0.726,711
5.558,0.0,0.724,709
5.559,0.0,0.726,711
5.559,0.0,0.724,709
5.56,0.0,0.725,710
5.57,0.0,0.716,699
5.572,0.0,0.717,700
5.573,0.0,0.716,699
5.575,0.0,0.714,697
5.577,0.0,0.713,695
5.58,0.0,0.709,691
5.58,0.0,0.709,691
5.587,0.0,0.707,688
5.592,0.0,0.707,688
5.593,0.0,0.704,685
5.597,0.0,0.701,681
5.604,0.0,0.699,679
5.605,0.0,0.692,670
5.609,0.0,0.695,674
5.615,0.0,0.689,666
5.619,0.0,0.685,661
5.62,0.0,0.685,661
5.628,0.0,0.681,657
5.629,0.0,0.681,656
5.635,0.0,0.679,654
5.636,0.0,0.678,653
5.637,0.0,0.676,651
5.641,0.0,0.673,647
5.645,0.0,0.671,644
5.646,0.0,0.667,640
5.647,0.0,0.67,643
5.65,0.0,0.668,641
5.655,0.0,0.666,638
5.658,0.0,0.663,635
5.658,0.0,0.663,635
5.658,0.0,0.663,635
5.659,0.0,0.663,634
5.66,0.0,0.663,634
5.661,0.0,0.663,635
5.662,0.0,0.663,635
5.663,0.0,0.662,633
5.664,0.0,0.66,631
5.675,0.0,0.654,624
5.676,0.0,0.654,624
5.677,0.0,0.654,624
5.685,0.0,0.65,619
5.687,0.0,0.647,615
5.689,0.0,0.642,609
5.695,0.0,0.646,614
5.696,0.0,0.644,611
5.7,0.0,0.636,602
5.701,0.0,0.641,608
5.702,0.0,0.64,606
5.703,0.0,0.637,603
5.704,0.0,0.64,606
5.705,0.0,0.637,603
5.707,0.0,0.635,600
5.708,0.0,0.639,605
5.709,0.0,0.634,599
5.71,0.0,0.634,599
5.711,0.0,0.636,602
5.717,0.0,0.629,593
5.718,0.0,0.632,597
5.719,0.0,0.628,592
5.72,0.0,0.628,592
5.721,0.0,0.628,592
5.722,0.0,0.626,589
5.732,0.0,0.624,587
5.733,0.0,0.626,589
5.738,0.0,0.617,579
5.739,0.0,0.621,583
5.751,0.0,0.615,576
5.753,0.0,0.611,571
5.759,0.0,0.609,569
5.767,0.0,0.607,566
5.769,0.0,0.603,561
5.769,0.0,0.602,560
5.77,0.0,0.615,576
5.773,0.0,0.603,561
5.774,0.0,0.601,559
5.775,0.0,0.602,560
5.776,0.0,0.602,560
5.777,0.0,0.6,558
5.778,0.0,0.602,560
5.779,0.0,0.6,558
5.78,0.0,0.599,557
5.782,0.0,0.599,557
5.792,0.0,0.594,550
5.793,0.0,0.592,548
5.794,0.0,0.595,552
5.796,0.0,0.593,549
5.796,0.0,0.589,545
5.809,0.0,0.584,538
5.811,0.0,0.583,537
5.816,0.0,0.58,534
5.817,0.0,0.58,533
5.818,0.0,0.58,533
5.819,0.0,0.578,531
5.82,0.0,0.578,531
5.826,0.0,0.576,529
5.827,0.0,0.575,528
5.828,0.0,0.575,527
5.829,0.0,0.575,528
5.83,0.0,0.562,511
5.831,0.0,0.575,528
5.832,0.0,0.575,527
5.833,0.0,0.574,526
5.834,0.0,0.573,525
5.835,0.0,0.572,524
5.846,0.0,0.562,511
5.847,0.0,0.561,510
5.849,0.0,0.56,509
5.849,0.0,0.557,506
5.85,0.0,0.561,510
5.852,0.0,0.553,501
5.86,0.0,0.555,503
5.861,0.0,0.555,503
5.862,0.0,0.553,500
5.87,0.0,0.549,496
5.871,0.0,0.548,495
5.872,0.0,0.549,496
5.875,0.0,0.548,494
5.878,0.0,0.547,493
5.879,0.0,0.546,492
5.88,0.0,0.544,490
5.881,0.0,0.549,496
5.882,0.0,0.544,490
5.885,0.0,0.544,490
5.891,0.0,0.541,486
5.897,0.0,0.534,478
5.9,0.0,0.537,481
5.904,0.0,0.536,480
5.905,0.0,0.534,477
5.906,0.0,0.53,473
5.909,0.0,0.525,467
5.911,0.0,0.53,473
5.913,0.0,0.528,470
5.915,0.0,0.532,475
5.922,0.0,0.525,467
5.923,0.0,0.525,466
5.924,0.0,0.523,464
5.929,0.0,0.521,462
5.93,0.0,0.523,464
5.931,0.0,0.521,462
5.935,0.0,0.522,463
5.936,0.0,0.522,463
5.937,0.0,0.52,461
5.938,0.0,0.518,458
5.94,0.0,0.519,459
5.942,0.0,0.518,458
5.943,0.0,0.515,454
5.944,0.0,0.516,455
5.951,0.0,0.512,451
5.952,0.0,0.511,449
5.953,0.0,0.512,451
5.954,0.0,0.511,450
5.955,0.0,0.511,449
5.956,0.0,0.511,450
5.957,0.0,0.51,448
5.961,0.0,0.507,445
5.962,0.0,0.506,443
5.963,0.0,0.508,446
5.964,0.0,0.507,444
5.965,0.0,0.509,447
5.966,0.0,0.506,443
5.967,0.0,0.506,443
5.978,0.0,0.499,435
5.979,0.0,0.499,435
5.98,0.0,0.497,432
5.981,0.0,0.497,433
5.982,0.0,0.497,433
5.983,0.0,0.499,435
5.984,0.0,0.498,434
5.985,0.0,0.498,434
5.986,0.0,0.497,433
5.987,0.0,0.496,431
5.997,0.0,0.494,429
6.0,0.0,0.493,428
6.009,0.0,0.485,418
6.01,0.0,0.488,421
6.014,0.0,0.486,419
6.015,0.0,0.488,422
6.016,0.0,0.484,417
6.017,0.0,0.485,418
6.02,0.0,0.484,416
6.021,0.0,0.484,416
6.023,0.0,0.483,415
6.023,0.0,0.479,411
6.024,0.0,0.479,411
6.025,0.0,0.48,412
6.026,0.0,0.481,413
6.027,0.0,0.479,411
6.028,0.0,0.479,411
6.038,0.0,0.475,406
6.042,0.0,0.474,404
6.045,0.0,0.472,402
6.045,0.0,0.474,404
6.047,0.0,0.47,400
6.048,0.0,0.47,400
6.053,0.0,0.468,397
6.054,0.0,0.47,399
6.055,0.0,0.47,400
6.063,0.0,0.466,395
6.064,0.0,0.463,391
6.066,0.0,0.467,396
6.067,0.0,0.465,394
6.067,0.0,0.463,391
6.071,0.0,0.462,390
6.072,0.0,0.462,390
6.074,0.0,0.46,387
6.075,0.0,0.463,391
6.076,0.0,0.457,384
6.076,0.0,0.461,389
6.077,0.0,0.46,387
6.078,0.0,0.461,389
6.079,0.0,0.461,388
6.089,0.0,0.461,388
6.09,0.0,0.456,383
6.091,0.0,0.456,383
6.101,0.0,0.449,374
6.104,0.0,0.449,374
6.106,0.0,0.449,374
6.111,0.0,0.447,371
6.112,0.0,0.444,368
6.115,0.0,0.444,368
6.117,0.0,0.444,368
6.119,0.0,0.44,363
6.121,0.0,0.444,368
6.126,0.0,0.443,367
6.127,0.0,0.442,365
6.128,0.0,0.443,367
6.129,0.0,0.441,364
6.133,0.0,0.438,361
6.134,0.0,0.439,362
6.136,0.0,0.438,361
6.136,0.0,0.437,359
6.14,0.0,0.438,360
6.144,0.0,0.433,355
6.145,0.0,0.434,356
6.146,0.0,0.434,356
6.147,0.0,0.433,354
6.148,0.0,0.436,358
6.149,0.0,0.433,355
6.15,0.0,0.424,343
6.151,0.0,0.432,353
6.152,0.0,0.433,355
6.153,0.0,0.433,355
6.154,0.0,0.43,351
6.165,0.0,0.424,343
6.166,0.0,0.425,345
6.167,0.0,0.421,340
6.17,0.0,0.424,343
6.17,0.0,0.424,343
6.174,0.0,0.424,343
6.182,0.0,0.42,339
6.183,0.0,0.419,337
6.184,0.0,0.422,341
6.197,0.0,0.417,335
6.198,0.0,0.417,335
6.199,0.0,0.415,333
6.202,0.0,0.417,335
6.203,0.0,0.41,327
6.204,0.0,0.413,330
6.205,0.0,0.414,331
6.206,0.0,0.412,329
6.207,0.0,0.413,330
6.212,0.0,0.409,325
6.216,0.0,0.408,324
6.217,0.0,0.407,323
6.218,0.0,0.406,321
6.219,0.0,0.406,321
6.221,0.0,0.406,321
6.222,0.0,0.409,325
6.223,0.0,0.407,323
6.224,0.0,0.406,321
6.224,0.0,0.406,321
6.225,0.0,0.406,322
6.236,0.0,0.402,317
6.237,0.0,0.401,315
6.238,0.0,0.401,315
6.246,0.0,0.4,314
6.247,0.0,0.397,310
6.253,0.0,0.397,310
6.259,0.0,0.394,307
6.263,0.0,0.392,304
6.264,0.0,0.392,305
6.265,0.0,0.392,304
6.266,0.0,0.393,306
6.267,0.0,0.391,303
6.274,0.0,0.391,303
6.277,0.0,0.39,302
6.284,0.0,0.387,299
6.285,0.0,0.383,294
6.299,0.0,0.379,289
6.3,0.0,0.384,295
6.301,0.0,0.381,291
6.309,0.0,0.378,287
6.31,0.0,0.378,288
6.312,0.0,0.378,287
6.312,0.0,0.378,287
6.313,0.0,0.377,286
6.314,0.0,0.378,288
6.315,0.0,0.377,286
6.316,0.0,0.374,283
6.317,0.0,0.376,285
6.321,0.0,0.373,281
6.328,0.0,0.373,281
6.329,0.0,0.37,278
6.333,0.0,0.369,277
6.346,0.0,0.364,271
6.347,0.0,0.365,272
6.348,0.0,0.365,272
6.349,0.0,0.365,272
6.356,0.0,0.37,278
6.357,0.0,0.364,270
6.358,0.0,0.361,267
6.359,0.0,0.363,269
6.36,0.0,0.363,269
6.361,0.0,0.362,268
6.365,0.0,0.362,268
6.366,0.0,0.361,267
6.367,0.0,0.357,262
6.368,0.0,0.36,266
6.378,0.0,0.356,261
6.379,0.0,0.358,263
6.38,0.0,0.358,263
6.381,0.0,0.355,260
6.382,0.0,0.354,258
6.387,0.0,0.353,257
6.393,0.0,0.352,256
6.395,0.0,0.353,257
6.401,0.0,0.35,253
6.402,0.0,0.351,254
6.403,0.0,0.35,253
6.404,0.0,0.348,251
6.405,0.0,0.351,254
6.406,0.0,0.348,251
6.407,0.0,0.348,251
6.41,0.0,0.347,250
6.411,0.0,0.346,249
6.412,0.0,0.343,245
6.416,0.0,0.346,249
6.422,0.0,0.34,241
6.424,0.0,0.34,241
6.424,0.0,0.343,245
6.425,0.0,0.342,244
6.429,0.0,0.344,246
6.435,0.0,0.339,240
6.443,0.0,0.333,233
6.444,0.0,0.337,238
6.448,0.0,0.337,237
6.449,0.0,0.335,235
6.45,0.0,0.333,233
6.451,0.0,0.339,240
6.455,0.0,0.334,234
6.468,0.0,0.329,228
6.469,0.0,0.33,229
6.47,0.0,0.33,229
6.471,0.0,0.33,229
6.472,0.0,0.328,227
6.473,0.0,0.328,227
6.477,0.0,0.328,226
6.478,0.0,0.328,226
6.48,0.0,0.326,224
6.487,0.0,0.325,223
6.489,0.0,0.323,221
6.489,0.0,0.325,223
6.49,0.0,0.322,219
6.491,0.0,0.324,222
6.492,0.0,0.324,222
6.493,0.0,0.325,223
6.507,0.0,0.319,215
6.51,0.0,0.318,214
6.51,0.0,0.319,215
6.511,0.0,0.318,214
6.512,0.0,0.314,209
6.512,0.0,0.319,215
6.513,0.0,0.317,213
6.514,0.0,0.315,211
6.515,0.0,0.315,211
6.525,0.0,0.314,209
6.53,0.0,0.313,208
6.531,0.0,0.313,208
6.532,0.0,0.313,208
6.533,0.0,0.313,208
6.534,0.0,0.313,208
6.535,0.0,0.313,208
6.547,0.0,0.309,203
6.553,0.0,0.309,203
6.554,0.0,0.309,203
6.557,0.0,0.305,198
6.559,0.0,0.309,203
6.564,0.0,0.307,201
6.565,0.0,0.305,198
6.566,0.0,0.305,198
6.571,0.0,0.303,196
6.576,0.0,0.302,195
6.577,0.0,0.301,194
6.578,0.0,0.3,192
6.579,0.0,0.301,194
6.58,0.0,0.3,192
6.589,0.0,0.3,192
6.59,0.0,0.3,192
6.591,0.0,0.299,191
6.594,0.0,0.284,173
6.595,0.0,0.297,189
6.596,0.0,0.297,189
6.597,0.0,0.299,191
6.598,0.0,0.295,186
6.599,0.0,0.295,186
6.6,0.0,0.296,188
6.603,0.0,0.294,185
6.606,0.0,0.292,183
6.609,0.0,0.292,183
6.609,0.0,0.292,183
6.61,0.0,0.291,181
6.61,0.0,0.296,187
6.611,0.0,0.292,183
6.621,0.0,0.288,178
6.622,0.0,0.286,176
6.623,0.0,0.287,177
6.624,0.0,0.287,177
6.625,0.0,0.286,176
6.631,0.0,0.287,177
6.632,0.0,0.287,177
6.633,0.0,0.287,177
6.639,0.0,0.286,176
6.64,0.0,0.286,176
6.641,0.0,0.286,176
6.643,0.0,0.286,176
6.644,0.0,0.285,174
6.644,0.0,0.286,176
6.645,0.0,0.285,174
6.646,0.0,0.286,175
6.647,0.0,0.286,176
6.648,0.0,0.285,174
6.658,0.0,0.285,174
6.659,0.0,0.282,171
6.66,0.0,0.283,172
6.661,0.0,0.282,170
6.662,0.0,0.282,171
6.668,0.0,0.281,169
6.682,0.0,0.276,163
6.687,0.0,0.275,162
6.688,0.0,0.276,163
6.689,0.0,0.275,162
6.69,0.0,0.273,160
6.691,0.0,0.274,161
6.692,0.0,0.274,161
6.696,0.0,0.273,159
6.697,0.0,0.273,160
6.702,0.0,0.273,159
6.703,0.0,0.282,171
6.704,0.0,0.269,155
6.705,0.0,0.273,159
6.706,0.0,0.27,156
6.707,0.0,0.271,157
6.708,0.0,0.268,153
6.709,0.0,0.271,157
6.71,0.0,0.269,155
6.714,0.0,0.268,153
6.715,0.0,0.268,154
6.722,0.0,0.267,152
6.723,0.0,0.265,150
6.729,0.0,0.263,147
6.73,0.0,0.263,147
6.731,0.0,0.268,153
6.735,0.0,0.26,144
6.743,0.0,0.261,145
6.745,0.0,0.261,145
6.747,0.0,0.26,144
6.748,0.0,0.26,144
6.752,0.0,0.26,144
6.755,0.0,0.254,137
6.756,0.0,0.259,143
6.758,0.0,0.26,144
6.76,0.0,0.259,143
6.766,0.0,0.255,138
6.767,0.0,0.259,142
6.768,0.0,0.257,140
6.769,0.0,0.259,143
6.778,0.0,0.256,139
6.779,0.0,0.261,145
6.78,0.0,0.257,140
6.783,0.0,0.255,138
6.784,0.0,0.252,134
6.79,0.0,0.252,134
6.791,0.0,0.247,128
6.792,0.0,0.25,132
6.793,0.0,0.25,132
6.794,0.0,0.252,134
6.795,0.0,0.251,133
6.796,0.0,0.252,134
6.8,0.0,0.25,131
6.802,0.0,0.249,130
6.802,0.0,0.249,130
6.803,0.0,0.25,131
6.804,0.0,0.249,130
6.805,0.0,0.243,123
6.813,0.0,0.247,128
6.814,0.0,0.248,129
6.815,0.0,0.247,128
6.816,0.0,0.247,128
6.817,0.0,0.245,126
6.818,0.0,0.248,129
6.819,0.0,0.247,128
6.82,0.0,0.244,124
6.821,0.0,0.247,128
6.831,0.0,0.243,123
6.838,0.0,0.242,122
6.839,0.0,0.244,124
6.84,0.0,0.243,123
6.841,0.0,0.242,122
6.842,0.0,0.245,125
6.843,0.0,0.243,123
6.844,0.0,0.24,119
6.845,0.0,0.241,120
6.846,0.0,0.24,119
6.847,0.0,0.241,121
6.849,0.0,0.238,117
6.859,0.0,0.236,115
6.86,0.0,0.243,123
6.866,0.0,0.235,113
6.867,0.0,0.235,113
6.868,0.0,0.234,112
6.869,0.0,0.234,112
6.87,0.0,0.235,113
6.873,0.0,0.234,112
6.873,0.0,0.235,113
6.874,0.0,0.234,112
6.875,0.0,0.236,115
6.877,0.0,0.234,112
6.878,0.0,0.234,112
6.879,0.0,0.234,112
6.889,0.0,0.231,108
6.89,0.0,0.234,112
6.891,0.0,0.233,111
6.892,0.0,0.234,112
6.893,0.0,0.233,111
6.894,0.0,0.234,112
6.895,0.0,0.229,106
6.896,0.0,0.234,112
6.897,0.0,0.233,111
6.898,0.0,0.231,109
6.899,0.0,0.228,105
6.91,0.0,0.227,103
6.911,0.0,0.23,107
6.912,0.0,0.23,107
6.913,0.0,0.23,107
6.914,0.0,0.226,102
6.915,0.0,0.229,106
6.916,0.0,0.231,108
6.917,0.0,0.226,102
6.918,0.0,0.227,104
6.919,0.0,0.23,107
6.929,0.0,0.228,105
6.93,0.0,0.226,102
6.934,0.0,0.223,99
6.935,0.0,0.223,99
6.937,0.0,0.222,98
6.937,0.0,0.222,98
6.941,0.0,0.222,97
6.942,0.0,0.223,99
6.943,0.0,0.223,99
6.946,0.0,0.222,97
6.947,0.0,0.22,95
6.952,0.0,0.218,92
6.953,0.0,0.22,95
6.966,0.0,0.221,96
6.967,0.0,0.222,98
6.971,0.0,0.216,90
6.972,0.0,0.218,92
6.973,0.0,0.218,92
6.974,0.0,0.218,92
6.975,0.0,0.217,91
6.976,0.0,0.217,91
6.977,0.0,0.216,90
6.981,0.0,0.214,88
6.982,0.0,0.214,88
6.992,0.0,0.213,87
6.993,0.0,0.211,84
6.997,0.0,0.213,86
6.998,0.0,0.212,85
7.0,0.0,0.208,80
7.0,0.0,0.21,83
7.001,0.0,0.21,83
7.003,0.0,0.208,80
7.004,0.0,0.211,84
7.005,0.0,0.21,83
7.005,0.0,0.209,81
7.006,0.0,0.212,85
7.007,0.0,0.21,83
7.008,0.0,0.208,80
7.019,0.0,0.208,80
7.02,0.0,0.208,80
7.026,0.0,0.208,80
7.027,0.0,0.209,81
7.028,0.0,0.208,80
7.029,0.0,0.207,79
7.035,0.0,0.207,79
7.036,0.0,0.208,80
7.037,0.0,0.208,80
7.04,0.0,0.206,78
7.045,0.0,0.205,77
7.046,0.0,0.205,77
7.047,0.0,0.205,77
7.048,0.0,0.206,78
7.054,0.0,0.207,79
7.055,0.0,0.199,70
7.056,0.0,0.202,73
7.057,0.0,0.202,73
7.058,0.0,0.202,73
7.067,0.0,0.199,69
7.068,0.0,0.202,73
7.07,0.0,0.204,76
7.07,0.0,0.199,70
7.071,0.0,0.199,70
7.072,0.0,0.207,79
7.083,0.0,0.195,65
7.084,0.0,0.199,69
7.085,0.0,0.198,68
7.086,0.0,0.196,66
7.087,0.0,0.197,67
7.093,0.0,0.195,65
7.094,0.0,0.196,66
7.099,0.0,0.193,62
7.1,0.0,0.193,62
7.101,0.0,0.195,65
7.102,0.0,0.192,61
7.103,0.0,0.196,66
7.104,0.0,0.195,65
7.111,0.0,0.195,64
7.112,0.0,0.195,64
7.124,0.0,0.194,63
7.125,0.0,0.192,61
7.126,0.0,0.195,64
7.127,0.0,0.192,61
7.132,0.0,0.192,61
7.133,0.0,0.191,60
7.134,0.0,0.19,59
7.135,0.0,0.191,60
7.145,0.0,0.19,58
7.146,0.0,0.19,58
7.147,0.0,0.187,55
7.148,0.0,0.187,55
7.149,0.0,0.189,57
7.15,0.0,0.186,54
7.151,0.0,0.186,54
7.152,0.0,0.19,59
7.154,0.0,0.189,57
7.154,0.0,0.187,55
7.157,0.0,0.187,55
7.157,0.0,0.186,53
7.158,0.0,0.19,58
7.168,0.0,0.184,51
7.176,0.0,0.184,51
7.177,0.0,0.183,50
7.178,0.0,0.182,49
7.179,0.0,0.183,50
7.18,0.0,0.182,49
7.181,0.0,0.184,51
7.184,0.0,0.183,50
7.184,0.0,0.183,50
7.184,0.0,0.182,49
7.185,0.0,0.184,51
7.186,0.0,0.182,49
7.196,0.0,0.181,48
7.207,0.0,0.18,46
7.208,0.0,0.181,48
7.209,0.0,0.178,44
7.21,0.0,0.18,46
7.211,0.0,0.181,47
7.212,0.0,0.181,48
7.213,0.0,0.181,48
7.217,0.0,0.18,46
7.219,0.0,0.179,45
7.219,0.0,0.181,48
7.22,0.0,0.178,44
7.221,0.0,0.179,45
7.222,0.0,0.18,46
7.223,0.0,0.179,45
7.224,0.0,0.178,44
7.234,0.0,0.176,41
7.235,0.0,0.177,43
7.236,0.0,0.178,44
7.243,0.0,0.174,39
7.244,0.0,0.173,38
7.245,0.0,0.174,39
7.246,0.0,0.176,41
7.252,0.0,0.174,39
7.253,0.0,0.175,40
7.254,0.0,0.176,42
7.255,0.0,0.174,39
7.257,0.0,0.173,38
7.257,0.0,0.174,39
7.258,0.0,0.172,36
7.263,0.0,0.172,37
7.267,0.0,0.173,38
7.271,0.0,0.173,38
7.273,0.0,0.173,38
7.273,0.0,0.171,35
7.274,0.0,0.168,32
7.276,0.0,0.171,35
7.276,0.0,0.171,35
7.285,0.0,0.167,30
7.286,0.0,0.168,32
7.287,0.0,0.171,35
7.291,0.0,0.168,32
7.292,0.0,0.169,33
7.295,0.0,0.167,31
7.296,0.0,0.168,32
7.297,0.0,0.166,29
7.298,0.0,0.169,33
7.314,0.0,0.165,28
7.315,0.0,0.164,27
7.32,0.0,0.164,27
7.321,0.0,0.161,23
7.322,0.0,0.163,25
7.323,0.0,0.163,26
7.324,0.0,0.164,27
7.325,0.0,0.164,27
7.326,0.0,0.161,23
7.329,0.0,0.163,26
7.33,0.0,0.162,24
7.334,0.0,0.161,23
7.335,0.0,0.158,20
7.336,0.0,0.158,20
7.338,0.0,0.158,19
7.338,0.0,0.163,25
7.347,0.0,0.163,25
7.348,0.0,0.16,22
7.349,0.0,0.157,18
7.355,0.0,0.159,21
7.356,0.0,0.158,19
7.366,0.0,0.156,17
7.367,0.0,0.157,18
7.368,0.0,0.158,20
7.369,0.0,0.158,19
7.37,0.0,0.157,18
7.371,0.0,0.157,18
7.372,0.0,0.155,16
7.374,0.0,0.155,16
7.374,0.0,0.154,15
7.39,0.0,0.155,16
7.391,0.0,0.155,16
7.392,0.0,0.154,15
7.393,0.0,0.155,16
7.397,0.0,0.155,16
7.398,0.0,0.155,16
7.399,0.0,0.154,15
7.4,0.0,0.155,16
7.408,0.0,0.155,16
7.409,0.0,0.155,16
7.41,0.0,0.151,11
7.411,0.0,0.153,14
7.412,0.0,0.154,15
7.413,0.0,0.153,14
7.414,0.0,0.153,14
7.418,0.0,0.151,11
7.419,0.0,0.153,13
7.426,0.0,0.153,13
7.427,0.0,0.153,14
7.428,0.0,0.149,9
7.43,0.0,0.151,11
7.43,0.0,0.152,12
7.434,0.0,0.152,12
7.435,0.0,0.153,14
7.436,0.0,0.151,11
7.44,0.0,0.15,10
7.441,0.0,0.148,7
7.442,0.0,0.15,10
7.443,0.0,0.149,9
7.444,0.0,0.148,7
7.445,0.0,0.149,9
7.458,0.0,0.144,3
7.459,0.0,0.147,6
7.46,0.0,0.149,9
7.461,0.0,0.147,6
7.469,0.0,0.144,2
7.47,0.0,0.144,3
7.471,0.0,0.144,2
7.472,0.0,0.144,3
7.473,0.0,0.142,0
7.489,0.0,0.142,0
7.49,0.0,0.142,0
7.491,0.0,0.143,1
7.493,0.0,0.144,3
7.493,0.0,0.143,1
7.494,0.0,0.144,3
7.495,0.0,0.142,0
7.496,0.0,0.143,1
7.497,0.0,0.142,0
7.498,0.0,0.142,0
7.499,0.0,0.142,0
7.505,0.0,0.142,0
7.506,0.0,0.142,0
7.507,0.0,0.144,2
7.508,0.0,0.143,1
7.513,0.0,0.142,0
7.514,0.0,0.142,0
7.518,0.0,0.142,0
7.519,0.0,0.142,0
7.521,0.0,0.142,0
7.528,0.0,0.142,0
7.529,0.0,0.142,0
7.533,0.0,0.142,0
7.534,0.0,0.142,0
7.535,0.0,0.142,0
7.538,0.0,0.142,0
7.539,0.0,0.142,0
7.54,0.0,0.142,0
7.541,0.0,0.142,0
7.542,0.0,0.142,0
7.556,0.0,0.142,0
7.557,0.0,0.142,0
7.558,0.0,0.142,0
7.559,0.0,0.142,0
7.56,0.0,0.142,0
7.561,0.0,0.142,0
7.576,0.0,0.142,0
7.577,0.0,0.142,0
7.578,0.0,0.142,0
7.58,0.0,0.142,0
7.58,0.0,0.142,0
7.581,0.0,0.142,0
7.582,0.0,0.142,0
7.583,0.0,0.142,0
7.584,0.0,0.142,0
7.585,0.0,0.142,0
7.586,0.0,0.142,0
7.587,0.0,0.142,0
7.597,0.0,0.142,0
7.61,0.0,0.142,0
7.611,0.0,0.142,0
7.612,0.0,0.142,0
7.613,0.0,0.142,0
7.614,0.0,0.142,0
7.618,0.0,0.142,0
7.619,0.0,0.142,0
7.62,0.0,0.142,0
7.627,0.0,0.142,0
7.628,0.0,0.142,0
7.644,0.0,0.142,0
7.645,0.0,0.142,0
7.646,0.0,0.142,0
7.647,0.0,0.142,0
7.651,0.0,0.142,0
7.652,0.0,0.142,0
7.653,0.0,0.142,0
7.657,0.0,0.142,0
7.658,0.0,0.142,0
7.659,0.0,0.142,0
7.662,0.0,0.142,0
7.663,0.0,0.142,0
7.668,0.0,0.142,0
7.669,0.0,0.142,0
7.673,0.0,0.142,0
7.674,0.0,0.142,0
7.675,0.0,0.142,0
7.676,0.0,0.142,0
7.679,0.0,0.142,0
7.683,0.0,0.142,0
7.684,0.0,0.142,0
7.686,0.0,0.142,0
7.686,0.0,0.142,0
7.688,0.0,0.142,0
7.688,0.0,0.142,0
7.689,0.0,0.142,0
7.69,0.0,0.142,0
7.691,0.0,0.142,0
7.692,0.0,0.142,0
7.694,0.0,0.142,0
7.694,0.0,0.142,0
7.705,0.0,0.142,0
7.706,0.0,0.142,0
7.707,0.0,0.142,0
7.711,0.0,0.142,0
7.712,0.0,0.142,0
7.713,0.0,0.142,0
7.714,0.0,0.142,0
7.716,0.0,0.142,0
7.718,0.0,0.142,0
7.719,0.0,0.142,0
7.72,0.0,0.142,0
7.721,0.0,0.142,0
7.722,0.0,0.142,0
7.723,0.0,0.142,0
7.724,0.0,0.142,0
7.725,0.0,0.142,0
7.726,0.0,0.142,0
7.727,0.0,0.142,0
7.728,0.0,0.142,0
7.738,0.0,0.142,0
7.739,0.0,0.142,0
7.745,0.0,0.142,0
7.746,0.0,0.142,0
7.747,0.0,0.142,0
7.758,0.0,0.142,0
7.759,0.0,0.142,0
7.76,0.0,0.142,0
7.761,0.0,0.142,0
7.762,0.0,0.142,0
7.763,0.0,0.142,0
7.764,0.0,0.142,0
7.765,0.0,0.142,0
7.766,0.0,0.142,0
7.767,0.0,0.142,0
7.768,0.0,0.142,0
7.778,0.0,0.142,0
7.779,0.0,0.142,0
7.783,0.0,0.142,0
7.784,0.0,0.142,0
7.786,0.0,0.142,0
7.786,0.0,0.142,0
7.787,0.0,0.142,0
7.788,0.0,0.142,0
7.789,0.0,0.142,0
7.79,0.0,0.142,0
7.791,0.0,0.142,0
7.795,0.0,0.142,0
7.796,0.0,0.142,0
7.797,0.0,0.142,0
7.798,0.0,0.142,0
7.799,0.0,0.142,0
7.8,0.0,0.142,0
7.804,0.0,0.142,0
7.805,0.0,0.142,0
7.806,0.0,0.142,0
7.807,0.0,0.142,0
7.808,0.0,0.142,0
7.809,0.0,0.142,0
7.819,0.0,0.142,0
7.82,0.0,0.142,0
7.824,0.0,0.142,0
7.825,0.0,0.142,0
7.826,0.0,0.142,0
7.827,0.0,0.142,0
7.828,0.0,0.142,0
7.829,0.0,0.142,0
7.83,0.0,0.142,0
7.831,0.0,0.142,0
7.838,0.0,0.142,0
7.839,0.0,0.142,0
7.84,0.0,0.142,0
7.841,0.0,0.142,0
7.842,0.0,0.142,0
7.855,0.0,0.142,0
7.856,0.0,0.142,0
7.867,0.0,0.142,0
7.868,0.0,0.142,0
7.872,0.0,0.142,0
7.873,0.0,0.142,0
7.884,0.0,0.142,0
7.885,0.0,0.142,0
7.886,0.0,0.142,0
7.887,0.0,0.142,0
7.888,0.0,0.142,0
7.889,0.0,0.142,0
7.893,0.0,0.142,0
7.894,0.0,0.142,0
7.898,0.0,0.142,0
7.899,0.0,0.142,0
7.9,0.0,0.142,0
7.901,0.0,0.142,0
7.902,0.0,0.142,0
7.903,0.0,0.142,0
7.907,0.0,0.142,0
7.908,0.0,0.142,0
7.909,0.0,0.142,0
7.91,0.0,0.142,0
7.911,0.0,0.142,0
7.912,0.0,0.142,0
7.922,0.0,0.142,0
7.923,0.0,0.142,0
7.924,0.0,0.142,0
7.925,0.0,0.142,0
7.928,0.0,0.142,0
7.929,0.0,0.142,0
7.93,0.0,0.142,0
7.932,0.0,0.142,0
7.932,0.0,0.142,0
7.936,0.0,0.142,0
7.937,0.0,0.142,0
7.938,0.0,0.142,0
7.939,0.0,0.142,0
7.94,0.0,0.142,0
7.941,0.0,0.142,0
7.942,0.0,0.142,0
7.943,0.0,0.142,0
7.946,0.0,0.142,0
7.947,0.0,0.142,0
7.954,0.0,0.142,0
7.955,0.0,0.142,0
7.965,0.0,0.142,0
7.966,0.0,0.142,0
7.967,0.0,0.142,0
7.968,0.0,0.142,0
7.969,0.0,0.142,0
7.971,0.0,0.142,0
7.971,0.0,0.142,0
7.976,0.0,0.142,0
7.977,0.0,0.142,0
7.985,0.0,0.142,0
7.986,0.0,0.142,0
7.987,0.0,0.142,0
7.991,0.0,0.142,0
7.992,0.0,0.142,0
7.993,0.0,0.142,0
7.994,0.0,0.142,0
7.995,0.0,0.142,0
8.0,0.0,0.142,0
8.001,0.0,0.142,0
8.002,0.0,0.142,0
8.004,0.0,0.142,0
8.004,0.0,0.142,0
8.012,0.0,0.142,0
8.013,0.0,0.142,0
8.014,0.0,0.142,0
8.018,0.0,0.142,0
8.019,0.0,0.142,0
8.023,0.0,0.142,0
8.024,0.0,0.142,0
8.026,0.0,0.142,0
8.026,0.0,0.142,0
8.028,0.0,0.142,0
8.028,0.0,0.142,0
8.029,0.0,0.142,0
8.031,0.0,0.142,0
8.032,0.0,0.142,0
8.033,0.0,0.142,0
8.033,0.0,0.142,0
8.034,0.0,0.142,0
8.042,0.0,0.142,0
8.043,0.0,0.142,0
8.044,0.0,0.142,0
8.045,0.0,0.142,0
8.046,0.0,0.142,0
8.047,0.0,0.142,0
8.048,0.0,0.142,0
8.049,0.0,0.142,0
8.05,0.0,0.142,0
8.051,0.0,0.142,0
8.052,0.0,0.142,0
8.055,0.0,0.142,0
8.056,0.0,0.142,0
8.057,0.0,0.142,0
8.067,0.0,0.142,0
8.068,0.0,0.142,0
8.069,0.0,0.142,0
8.07,0.0,0.142,0
8.071,0.0,0.142,0
8.072,0.0,0.142,0
8.073,0.0,0.142,0
8.074,0.0,0.142,0
8.075,0.0,0.142,0
8.076,0.0,0.142,0
8.077,0.0,0.142,0
8.078,0.0,0.142,0
8.089,0.0,0.142,0
8.09,0.0,0.142,0
8.091,0.0,0.142,0
8.092,0.0,0.142,0
8.093,0.0,0.142,0
8.094,0.0,0.142,0
8.095,0.0,0.142,0
8.096,0.0,0.142,0
8.097,0.0,0.142,0
8.098,0.0,0.142,0
8.099,0.0,0.142,0
8.102,0.0,0.142,0
8.104,0.0,0.142,0
8.104,0.0,0.142,0
8.105,0.0,0.142,0
8.115,0.0,0.142,0
8.116,0.0,0.142,0
8.117,0.0,0.142,0
8.118,0.0,0.142,0
8.119,0.0,0.142,0
8.12,0.0,0.142,0
8.121,0.0,0.142,0
8.132,0.0,0.142,0
8.133,0.0,0.142,0
8.134,0.0,0.142,0
8.135,0.0,0.142,0
8.136,0.0,0.142,0
8.137,0.0,0.142,0
8.138,0.0,0.142,0
8.139,0.0,0.142,0
8.14,0.0,0.142,0
8.141,0.0,0.142,0
8.142,0.0,0.142,0
8.143,0.0,0.142,0
8.146,0.0,0.142,0
8.146,0.0,0.142,0
8.154,0.0,0.142,0
8.155,0.0,0.142,0
8.156,0.0,0.142,0
8.157,0.0,0.142,0
8.161,0.0,0.142,0
8.162,0.0,0.142,0
8.163,0.0,0.142,0
8.164,0.0,0.142,0
8.165,0.0,0.142,0
8.166,0.0,0.142,0
8.167,0.0,0.142,0
8.168,0.0,0.142,0
8.169,0.0,0.142,0
8.18,0.0,0.142,0
8.181,0.0,0.142,0
8.182,0.0,0.142,0
8.183,0.0,0.142,0
8.184,0.0,0.142,0
8.187,0.0,0.142,0
8.187,0.0,0.142,0
8.187,0.0,0.142,0
8.189,0.0,0.142,0
8.189,0.0,0.142,0
8.19,0.0,0.142,0
8.191,0.0,0.142,0
8.201,0.0,0.142,0
8.207,0.0,0.142,0
8.208,0.0,0.142,0
8.209,0.0,0.142,0
8.225,0.0,0.142,0
8.226,0.0,0.142,0
8.227,0.0,0.142,0
8.228,0.0,0.142,0
8.23,0.0,0.142,0
8.23,0.0,0.142,0
8.231,0.0,0.142,0
8.232,0.0,0.142,0
8.233,0.0,0.142,0
8.234,0.0,0.142,0
8.235,0.0,0.142,0
8.236,0.0,0.142,0
8.246,0.0,0.142,0
8.247,0.0,0.142,0
8.248,0.0,0.142,0
8.249,0.0,0.142,0
8.25,0.0,0.142,0
8.251,0.0,0.142,0
8.252,0.0,0.142,0
8.253,0.0,0.142,0
8.254,0.0,0.142,0
8.255,0.0,0.142,0
8.256,0.0,0.142,0
8.257,0.0,0.142,0
8.258,0.0,0.142,0
8.259,0.0,0.142,0
8.27,0.0,0.142,0
8.271,0.0,0.142,0
8.275,0.0,0.142,0
8.277,0.0,0.142,0
8.277,0.0,0.142,0
8.279,0.0,0.142,0
8.279,0.0,0.142,0
8.28,0.0,0.142,0
8.284,0.0,0.142,0
8.285,0.0,0.142,0
8.286,0.0,0.142,0
8.287,0.0,0.142,0
8.3,0.0,0.142,0
8.301,0.0,0.142,0
8.302,0.0,0.142,0
8.303,0.0,0.142,0
8.304,0.0,0.142,0
8.305,0.0,0.142,0
8.306,0.0,0.142,0
8.31,0.0,0.142,0
8.311,0.0,0.142,0
8.312,0.0,0.142,0
8.323,0.0,0.142,0
8.324,0.0,0.142,0
8.325,0.0,0.142,0
8.335,0.0,0.142,0
8.336,0.0,0.142,0
8.337,0.0,0.142,0
8.341,0.0,0.142,0
8.342,0.0,0.142,0
8.351,0.0,0.142,0
8.352,0.0,0.142,0
8.353,0.0,0.142,0
8.361,0.0,0.142,0
8.362,0.0,0.142,0
8.363,0.0,0.142,0
8.364,0.0,0.142,0
8.365,0.0,0.142,0
8.367,0.0,0.142,0
8.367,0.0,0.142,0
8.368,0.0,0.142,0
8.372,0.0,0.142,0
8.373,0.0,0.142,0
8.377,0.0,0.142,0
8.378,0.0,0.142,0
8.379,0.0,0.142,0
8.38,0.0,0.142,0
8.381,0.0,0.142,0
8.382,0.0,0.142,0
8.383,0.0,0.142,0
8.387,0.0,0.142,0
8.388,0.0,0.142,0
8.389,0.0,0.142,0
8.39,0.0,0.142,0
8.391,0.0,0.142,0
8.393,0.0,0.142,0
8.393,0.0,0.142,0
8.394,0.0,0.142,0
8.404,0.0,0.142,0
8.405,0.0,0.142,0
8.407,0.0,0.142,0
8.407,0.0,0.142,0
8.408,0.0,0.142,0
8.418,0.0,0.142,0
8.419,0.0,0.142,0
8.42,0.0,0.142,0
8.421,0.0,0.142,0
8.422,0.0,0.142,0
8.43,0.0,0.142,0
8.431,0.0,0.142,0
8.437,0.0,0.142,0
8.438,0.0,0.142,0
8.439,0.0,0.142,0
8.44,0.0,0.142,0
8.441,0.0,0.142,0
8.455,0.0,0.142,0
8.456,0.0,0.142,0
8.457,0.0,0.142,0
8.458,0.0,0.142,0
8.465,0.0,0.142,0
8.466,0.0,0.142,0
8.473,0.0,0.142,0
8.474,0.0,0.142,0
8.477,0.0,0.142,0
8.478,0.0,0.142,0
8.481,0.0,0.142,0
8.482,0.0,0.142,0
8.483,0.0,0.142,0
8.485,0.0,0.142,0
8.485,0.0,0.142,0
8.486,0.0,0.142,0
8.488,0.0,0.142,0
8.488,0.0,0.142,0
8.489,0.0,0.142,0
8.491,0.0,0.142,0
8.491,0.0,0.142,0
8.492,0.0,0.142,0
8.503,0.0,0.142,0
8.504,0.0,0.142,0
8.508,0.0,0.142,0
8.509,0.0,0.142,0
8.52,0.0,0.142,0
8.521,0.0,0.142,0
8.522,0.0,0.142,0
8.524,0.0,0.142,0
8.524,0.0,0.142,0
8.525,0.0,0.142,0
8.526,0.0,0.142,0
8.529,0.0,0.142,0
8.53,0.0,0.142,0
8.533,0.0,0.142,0
8.534,0.0,0.142,0
8.535,0.0,0.142,0
8.536,0.0,0.142,0
8.539,0.0,0.142,0
8.54,0.0,0.142,0
8.543,0.0,0.142,0
8.543,0.0,0.142,0
8.545,0.0,0.142,0
8.545,0.0,0.142,0
8.55,0.0,0.142,0
8.551,0.0,0.142,0
8.552,0.0,0.142,0
8.553,0.0,0.142,0
8.557,0.0,0.142,0
8.558,0.0,0.142,0
8.559,0.0,0.142,0
8.56,0.0,0.142,0
8.561,0.0,0.142,0
8.574,0.0,0.142,0
8.575,0.0,0.142,0
8.576,0.0,0.142,0
8.577,0.0,0.142,0
8.578,0.0,0.142,0
8.579,0.0,0.142,0
8.58,0.0,0.142,0
8.581,0.0,0.142,0
8.582,0.0,0.142,0
8.583,0.0,0.142,0
8.584,0.0,0.142,0
8.585,0.0,0.142,0
8.587,0.0,0.142,0
8.587,0.0,0.142,0
8.598,0.0,0.142,0
8.599,0.0,0.142,0
8.603,0.0,0.142,0
8.604,0.0,0.142,0
8.606,0.0,0.142,0
8.606,0.0,0.142,0
8.607,0.0,0.142,0
8.608,0.0,0.142,0
8.612,0.0,0.142,0
8.613,0.0,0.142,0
8.616,0.0,0.142,0
8.616,0.0,0.142,0
8.616,0.0,0.142,0
8.617,0.0,0.142,0
8.618,0.0,0.142,0
8.619,0.0,0.142,0
8.62,0.0,0.142,0
8.625,0.0,0.142,0
8.626,0.0,0.142,0
8.627,0.0,0.142,0
8.628,0.0,0.142,0
8.629,0.0,0.142,0
8.63,0.0,0.142,0
8.631,0.0,0.142,0
8.635,0.0,0.142,0
8.636,0.0,0.142,0
8.637,0.0,0.142,0
8.638,0.0,0.142,0
8.639,0.0,0.142,0
8.649,0.0,0.142,0
8.65,0.0,0.142,0
8.652,0.0,0.142,0
8.652,0.0,0.142,0
8.653,0.0,0.142,0
8.659,0.0,0.142,0
8.66,0.0,0.142,0
8.661,0.0,0.142,0
8.663,0.0,0.142,0
8.664,0.0,0.142,0
8.664,0.0,0.142,0
8.665,0.0,0.142,0
8.666,0.0,0.142,0
8.667,0.0,0.142,0
8.668,0.0,0.142,0
8.669,0.0,0.142,0
8.67,0.0,0.142,0
8.68,0.0,0.142,0
8.681,0.0,0.142,0
8.682,0.0,0.142,0
8.689,0.0,0.142,0
8.69,0.0,0.142,0
8.691,0.0,0.142,0
8.692,0.0,0.142,0
8.693,0.0,0.142,0
8.703,0.0,0.142,0
8.704,0.0,0.142,0
8.705,0.0,0.142,0
8.706,0.0,0.142,0
8.71,0.0,0.142,0
8.711,0.0,0.142,0
8.712,0.0,0.142,0
8.725,0.0,0.142,0
8.726,0.0,0.142,0
8.727,0.0,0.142,0
8.729,0.0,0.142,0
8.73,0.0,0.142,0
8.73,0.0,0.142,0
8.735,0.0,0.142,0
8.736,0.0,0.142,0
8.737,0.0,0.142,0
8.738,0.0,0.142,0
8.739,0.0,0.142,0
8.74,0.0,0.142,0
8.741,0.0,0.142,0
8.742,0.0,0.142,0
8.743,0.0,0.142,0
8.744,0.0,0.142,0
8.745,0.0,0.142,0
8.749,0.0,0.142,0
8.75,0.0,0.142,0
8.751,0.0,0.142,0
8.752,0.0,0.142,0
8.755,0.0,0.142,0
8.756,0.0,0.142,0
8.765,0.0,0.142,0
8.766,0.0,0.142,0
8.767,0.0,0.142,0
8.768,0.0,0.142,0
8.769,0.0,0.142,0
8.77,0.0,0.142,0
8.774,0.0,0.142,0
8.775,0.0,0.142,0
8.78,0.0,0.142,0
8.781,0.0,0.142,0
8.782,0.0,0.142,0
8.783,0.0,0.142,0
8.784,0.0,0.142,0
8.785,0.0,0.142,0
8.786,0.0,0.142,0
8.787,0.0,0.142,0
8.791,0.0,0.142,0
8.792,0.0,0.142,0
8.793,0.0,0.142,0
8.794,0.0,0.142,0
8.802,0.0,0.142,0
8.803,0.0,0.142,0
8.814,0.0,0.142,0
8.815,0.0,0.142,0
8.816,0.0,0.142,0
8.817,0.0,0.142,0
8.821,0.0,0.142,0
8.822,0.0,0.142,0
8.823,0.0,0.142,0
8.824,0.0,0.142,0
8.825,0.0,0.142,0
8.826,0.0,0.142,0
8.827,0.0,0.142,0
8.828,0.0,0.142,0
8.829,0.0,0.142,0
8.845,0.0,0.142,0
8.846,0.0,0.142,0
8.847,0.0,0.142,0
8.848,0.0,0.142,0
8.849,0.0,0.142,0
8.85,0.0,0.142,0
8.853,0.0,0.142,0
8.853,0.0,0.142,0
8.864,0.0,0.142,0
8.865,0.0,0.142,0
8.866,0.0,0.142,0
8.871,0.0,0.142,0
8.872,0.0,0.142,0
8.874,0.0,0.142,0
8.876,0.0,0.142,0
8.877,0.0,0.142,0
8.878,0.0,0.142,0
8.879,0.0,0.142,0
8.886,0.0,0.142,0
8.887,0.0,0.142,0
8.888,0.0,0.142,0
8.889,0.0,0.142,0
8.89,0.0,0.142,0
8.891,0.0,0.142,0
8.892,0.0,0.142,0
8.893,0.0,0.142,0
8.894,0.0,0.142,0
8.895,0.0,0.142,0
8.896,0.0,0.142,0
8.897,0.0,0.142,0
8.907,0.0,0.142,0
8.913,0.0,0.142,0
8.914,0.0,0.142,0
8.915,0.0,0.142,0
8.916,0.0,0.142,0
8.917,0.0,0.142,0
8.918,0.0,0.142,0
8.92,0.0,0.142,0
8.92,0.0,0.142,0
8.921,0.0,0.142,0
8.922,0.0,0.142,0
8.924,0.0,0.142,0
8.924,0.0,0.142,0
8.925,0.0,0.142,0
8.935,0.0,0.142,0
8.936,0.0,0.142,0
8.938,0.0,0.142,0
8.938,0.0,0.142,0
8.939,0.0,0.142,0
8.94,0.0,0.142,0
8.941,0.0,0.142,0
8.947,0.0,0.142,0
8.948,0.0,0.142,0
8.949,0.0,0.142,0
8.95,0.0,0.142,0
8.951,0.0,0.142,0
8.962,0.0,0.142,0
8.963,0.0,0.142,0
8.964,0.0,0.142,0
8.965,0.0,0.142,0
8.969,0.0,0.142,0
8.97,0.0,0.142,0
8.972,0.0,0.142,0
8.974,0.0,0.142,0
8.974,0.0,0.142,0
8.974,0.0,0.142,0
8.984,0.0,0.142,0
8.985,0.0,0.142,0
8.986,0.0,0.142,0
8.988,0.0,0.142,0
8.988,0.0,0.142,0
8.99,0.0,0.142,0
8.99,0.0,0.142,0
8.991,0.0,0.142,0
8.992,0.0,0.142,0
9.0,0.0,0.142,0
9.001,0.0,0.142,0
9.002,0.0,0.142,0
9.003,0.0,0.142,0
9.004,0.0,0.142,0
9.006,0.0,0.142,0
9.006,0.0,0.142,0
9.021,0.0,0.142,0
9.022,0.0,0.142,0
9.023,0.0,0.142,0
9.025,0.0,0.142,0
9.025,0.0,0.142,0
9.031,0.0,0.142,0
9.032,0.0,0.142,0
9.033,0.0,0.142,0
9.035,0.0,0.142,0
9.035,0.0,0.142,0
9.04,0.0,0.142,0
9.041,0.0,0.142,0
9.042,0.0,0.142,0
9.043,0.0,0.142,0
9.046,0.0,0.142,0
9.046,0.0,0.142,0
9.049,0.0,0.142,0
9.05,0.0,0.142,0
9.051,0.0,0.142,0
9.052,0.0,0.142,0
9.053,0.0,0.142,0
9.054,0.0,0.142,0
9.058,0.0,0.142,0
9.059,0.0,0.142,0
9.06,0.0,0.142,0
9.061,0.0,0.142,0
9.062,0.0,0.142,0
9.063,0.0,0.142,0
9.064,0.0,0.142,0
9.068,0.0,0.142,0
9.069,0.0,0.142,0
9.073,0.0,0.142,0
9.074,0.0,0.142,0
9.076,0.0,0.142,0
9.076,0.0,0.142,0
9.077,0.0,0.142,0
9.078,0.0,0.142,0
9.079,0.0,0.142,0
9.092,0.0,0.142,0
9.093,0.0,0.142,0
9.101,0.0,0.142,0
9.102,0.0,0.142,0
9.103,0.0,0.142,0
9.104,0.0,0.142,0
9.105,0.0,0.142,0
9.106,0.0,0.142,0
9.107,0.0,0.142,0
9.108,0.0,0.142,0
9.11,0.0,0.142,0
9.111,0.0,0.142,0
9.115,0.0,0.142,0
9.116,0.0,0.142,0
9.119,0.0,0.142,0
9.119,0.0,0.142,0
9.12,0.0,0.142,0
9.125,0.0,0.142,0
9.126,0.0,0.142,0
9.127,0.0,0.142,0
9.128,0.0,0.142,0
9.129,0.0,0.142,0
9.13,0.0,0.142,0
9.131,0.0,0.142,0
9.132,0.0,0.142,0
9.133,0.0,0.142,0
9.14,0.0,0.142,0
9.141,0.0,0.142,0
9.144,0.0,0.142,0
9.144,0.0,0.142,0
9.144,0.0,0.142,0
9.145,0.0,0.142,0
9.146,0.0,0.142,0
9.162,0.0,0.142,0
9.163,0.0,0.142,0
9.164,0.0,0.142,0
9.165,0.0,0.142,0
9.166,0.0,0.142,0
9.179,0.0,0.142,0
9.18,0.0,0.142,0
9.182,0.0,0.142,0
9.183,0.0,0.142,0
9.183,0.0,0.142,0
9.184,0.0,0.142,0
9.185,0.0,0.142,0
9.186,0.0,0.142,0
9.19,0.0,0.142,0
9.191,0.0,0.142,0
9.192,0.0,0.142,0
9.2,0.0,0.142,0
9.201,0.0,0.142,0
9.209,0.0,0.142,0
9.21,0.0,0.142,0
9.211,0.0,0.142,0
9.212,0.0,0.142,0
9.213,0.0,0.142,0
9.214,0.0,0.142,0
9.215,0.0,0.142,0
9.216,0.0,0.142,0
9.217,0.0,0.142,0
9.218,0.0,0.142,0
9.219,0.0,0.142,0
9.22,0.0,0.142,0
9.221,0.0,0.142,0
9.222,0.0,0.142,0
9.232,0.0,0.142,0
9.233,0.0,0.142,0
9.24,0.0,0.142,0
9.241,0.0,0.142,0
9.242,0.0,0.142,0
9.243,0.0,0.142,0
9.244,0.0,0.142,0
9.245,0.0,0.142,0
9.246,0.0,0.142,0
9.247,0.0,0.142,0
9.253,0.0,0.142,0
9.254,0.0,0.142,0
9.27,0.0,0.142,0
9.271,0.0,0.142,0
9.272,0.0,0.142,0
9.273,0.0,0.142,0
9.274,0.0,0.142,0
9.275,0.0,0.142,0
9.277,0.0,0.142,0
9.277,0.0,0.142,0
9.279,0.0,0.142,0
9.279,0.0,0.142,0
9.28,0.0,0.142,0
9.281,0.0,0.142,0
9.282,0.0,0.142,0
9.292,0.0,0.142,0
9.293,0.0,0.142,0
9.304,0.0,0.142,0
9.305,0.0,0.142,0
9.306,0.0,0.142,0
9.307,0.0,0.142,0
9.308,0.0,0.142,0
9.309,0.0,0.142,0
9.31,0.0,0.142,0
9.311,0.0,0.142,0
9.315,0.0,0.142,0
9.316,0.0,0.142,0
9.317,0.0,0.142,0
9.325,0.0,0.142,0
9.326,0.0,0.142,0
9.327,0.0,0.142,0
9.328,0.0,0.142,0
9.329,0.0,0.142,0
9.33,0.0,0.142,0
9.331,0.0,0.142,0
9.332,0.0,0.142,0
9.333,0.0,0.142,0
9.334,0.0,0.142,0
9.335,0.0,0.142,0
9.336,0.0,0.142,0
9.346,0.0,0.142,0
9.347,0.0,0.142,0
9.348,0.0,0.142,0
9.349,0.0,0.142,0
9.35,0.0,0.142,0
9.351,0.0,0.142,0
9.352,0.0,0.142,0
9.353,0.0,0.142,0
9.354,0.0,0.142,0
9.355,0.0,0.142,0
9.356,0.0,0.142,0
9.357,0.0,0.142,0
9.358,0.0,0.142,0
9.369,0.0,0.142,0
9.37,0.0,0.142,0
9.371,0.0,0.142,0
9.372,0.0,0.142,0
9.373,0.0,0.142,0
9.382,0.0,0.142,0
9.383,0.0,0.142,0
9.385,0.0,0.142,0
9.385,0.0,0.142,0
9.386,0.0,0.142,0
9.387,0.0,0.142,0
9.388,0.0,0.142,0
9.396,0.0,0.142,0
9.397,0.0,0.142,0
9.398,0.0,0.142,0
9.399,0.0,0.142,0
9.4,0.0,0.142,0
9.403,0.0,0.142,0
9.403,0.0,0.142,0
9.407,0.0,0.142,0
9.408,0.0,0.142,0
9.41,0.0,0.142,0
9.41,0.0,0.142,0
9.411,0.0,0.142,0
9.412,0.0,0.142,0
9.413,0.0,0.142,0
9.414,0.0,0.142,0
9.415,0.0,0.142,0
9.42,0.0,0.142,0
9.421,0.0,0.142,0
9.422,0.0,0.142,0
9.436,0.0,0.142,0
9.437,0.0,0.142,0
9.44,0.0,0.142,0
9.441,0.0,0.142,0
9.442,0.0,0.142,0
9.443,0.0,0.142,0
9.444,0.0,0.142,0
9.445,0.0,0.142,0
9.451,0.0,0.142,0
9.452,0.0,0.142,0
9.456,0.0,0.142,0
9.457,0.0,0.142,0
9.458,0.0,0.142,0
9.459,0.0,0.142,0
9.463,0.0,0.142,0
9.464,0.0,0.142,0
9.465,0.0,0.142,0
9.466,0.0,0.142,0
9.467,0.0,0.142,0
9.468,0.0,0.142,0
9.469,0.0,0.142,0
9.47,0.0,0.142,0
9.471,0.0,0.142,0
9.482,0.0,0.142,0
9.483,0.0,0.142,0
9.484,0.0,0.142,0
9.485,0.0,0.142,0
9.486,0.0,0.142,0
9.489,0.0,0.142,0
9.49,0.0,0.142,0
9.491,0.0,0.142,0
9.492,0.0,0.142,0
9.493,0.0,0.142,0
9.494,0.0,0.142,0
9.495,0.0,0.142,0
9.497,0.0,0.142,0
9.497,0.0,0.142,0
9.498,0.0,0.142,0
9.499,0.0,0.142,0
9.509,0.0,0.142,0
9.51,0.0,0.142,0
9.511,0.0,0.142,0
9.512,0.0,0.142,0
9.513,0.0,0.142,0
9.514,0.0,0.142,0
9.515,0.0,0.142,0
9.516,0.0,0.142,0
9.517,0.0,0.142,0
9.518,0.0,0.142,0
9.519,0.0,0.142,0
9.52,0.0,0.142,0
9.531,0.0,0.142,0
9.532,0.0,0.142,0
9.533,0.0,0.142,0
9.534,0.0,0.142,0
9.535,0.0,0.142,0
9.548,0.0,0.142,0
9.549,0.0,0.142,0
9.55,0.0,0.142,0
9.556,0.0,0.142,0
9.557,0.0,0.142,0
9.558,0.0,0.142,0
9.56,0.0,0.142,0
9.56,0.0,0.142,0
9.565,0.0,0.142,0
9.566,0.0,0.142,0
9.567,0.0,0.142,0
9.568,0.0,0.142,0
9.569,0.0,0.142,0
9.57,0.0,0.142,0
9.571,0.0,0.142,0
9.572,0.0,0.142,0
9.573,0.0,0.142,0
9.576,0.0,0.142,0
9.577,0.0,0.142,0
9.578,0.0,0.142,0
9.579,0.0,0.142,0
9.58,0.0,0.142,0
9.581,0.0,0.142,0
9.59,0.0,0.142,0
9.591,0.0,0.142,0
9.592,0.0,0.142,0
9.593,0.0,0.142,0
9.594,0.0,0.142,0
9.595,0.0,0.142,0
9.596,0.0,0.142,0
9.606,0.0,0.142,0
9.607,0.0,0.142,0
9.608,0.0,0.142,0
9.609,0.0,0.142,0
9.61,0.0,0.142,0
9.611,0.0,0.142,0
9.612,0.0,0.142,0
9.614,0.0,0.142,0
9.614,0.0,0.142,0
9.616,0.0,0.142,0
9.616,0.0,0.142,0
9.617,0.0,0.142,0
9.627,0.0,0.142,0
9.628,0.0,0.142,0
9.633,0.0,0.142,0
9.634,0.0,0.142,0
9.635,0.0,0.142,0
9.636,0.0,0.142,0
9.637,0.0,0.142,0
9.639,0.0,0.142,0
9.639,0.0,0.142,0
9.64,0.0,0.142,0
9.641,0.0,0.142,0
9.646,0.0,0.142,0
9.647,0.0,0.142,0
9.648,0.0,0.142,0
9.649,0.0,0.142,0
9.652,0.0,0.142,0
9.653,0.0,0.142,0
9.654,0.0,0.142,0
9.655,0.0,0.142,0
9.656,0.0,0.142,0
9.657,0.0,0.142,0
9.658,0.0,0.142,0
9.659,0.0,0.142,0
9.67,0.0,0.142,0
9.671,0.0,0.142,0
9.675,0.0,0.142,0
9.676,0.0,0.142,0
9.677,0.0,0.142,0
9.681,0.0,0.142,0
9.682,0.0,0.142,0
9.684,0.0,0.142,0
9.684,0.0,0.142,0
9.686,0.0,0.142,0
9.686,0.0,0.142,0
9.687,0.0,0.142,0
9.688,0.0,0.142,0
9.692,0.0,0.142,0
9.693,0.0,0.142,0
9.694,0.0,0.142,0
9.695,0.0,0.142,0
9.696,0.0,0.142,0
9.697,0.0,0.142,0
9.709,0.0,0.142,0
9.71,0.0,0.142,0
9.714,0.0,0.142,0
9.715,0.0,0.142,0
9.718,0.0,0.142,0
9.719,0.0,0.142,0
9.724,0.0,0.142,0
9.725,0.0,0.142,0
9.728,0.0,0.142,0
9.728,0.0,0.142,0
9.728,0.0,0.142,0
9.741,0.0,0.142,0
9.742,0.0,0.142,0
9.743,0.0,0.142,0
9.744,0.0,0.142,0
9.745,0.0,0.142,0
9.746,0.0,0.142,0
9.758,0.0,0.142,0
9.759,0.0,0.142,0
9.76,0.0,0.142,0
9.77,0.0,0.142,0
9.771,0.0,0.142,0
9.772,0.0,0.142,0
9.773,0.0,0.142,0
9.777,0.0,0.142,0
9.778,0.0,0.142,0
9.779,0.0,0.142,0
9.78,0.0,0.142,0
9.781,0.0,0.142,0
9.795,0.0,0.142,0
9.796,0.0,0.142,0
9.797,0.0,0.142,0
9.798,0.0,0.142,0
9.799,0.0,0.142,0
9.8,0.0,0.142,0
9.801,0.0,0.142,0
9.802,0.0,0.142,0
9.803,0.0,0.142,0
9.804,0.0,0.142,0
9.805,0.0,0.142,0
9.806,0.0,0.142,0
9.816,0.0,0.142,0
9.829,0.0,0.142,0
9.83,0.0,0.142,0
9.833,0.0,0.142,0
9.833,0.0,0.142,0
9.842,0.0,0.142,0
9.843,0.0,0.142,0
9.845,0.0,0.142,0
9.846,0.0,0.142,0
9.847,0.0,0.142,0
9.847,0.0,0.142,0
9.848,0.0,0.142,0
9.849,0.0,0.142,0
9.85,0.0,0.142,0
9.851,0.0,0.142,0
9.852,0.0,0.142,0
9.854,0.0,0.142,0
9.855,0.0,0.142,0
9.865,0.0,0.142,0
9.866,0.0,0.142,0
9.868,0.0,0.142,0
9.869,0.0,0.142,0
9.869,0.0,0.142,0
9.87,0.0,0.142,0
9.872,0.0,0.142,0
9.874,0.0,0.142,0
9.874,0.0,0.142,0
9.874,0.0,0.142,0
9.875,0.0,0.142,0
9.88,0.0,0.142,0
9.881,0.0,0.142,0
9.882,0.0,0.142,0
9.883,0.0,0.142,0
9.884,0.0,0.142,0
9.885,0.0,0.142,0
9.886,0.0,0.142,0
9.896,0.0,0.142,0
9.897,0.0,0.142,0
9.898,0.0,0.142,0
9.904,0.0,0.142,0
9.905,0.0,0.142,0
9.907,0.0,0.142,0
9.907,0.0,0.142,0
9.908,0.0,0.142,0
9.909,0.0,0.142,0
9.91,0.0,0.142,0
9.913,0.0,0.142,0
9.913,0.0,0.142,0
9.913,0.0,0.142,0
9.914,0.0,0.142,0
9.915,0.0,0.142,0
9.916,0.0,0.142,0
9.926,0.0,0.142,0
9.927,0.0,0.142,0
9.928,0.0,0.142,0
9.941,0.0,0.142,0
9.942,0.0,0.142,0
9.946,0.0,0.142,0
9.947,0.0,0.142,0
9.948,0.0,0.142,0
9.951,0.0,0.142,0
9.952,0.0,0.142,0
9.954,0.0,0.142,0
9.954,0.0,0.142,0
9.955,0.0,0.142,0
9.956,0.0,0.142,0
9.957,0.0,0.142,0
9.961,0.0,0.142,0
9.962,0.0,0.142,0
9.966,0.0,0.142,0
9.968,0.0,0.142,0
9.968,0.0,0.142,0
9.969,0.0,0.142,0
9.971,0.0,0.142,0
9.971,0.0,0.142,0
9.974,0.0,0.142,0
9.974,0.0,0.142,0
9.975,0.0,0.142,0
9.975,0.0,0.142,0
9.977,0.0,0.142,0
9.977,0.0,0.142,0
9.998,0.0,0.142,0
9.999,0.0,0.142,0
10.0,0.0,0.142,0
